
ALTER TABLE APLICACION
 DROP PRIMARY KEY CASCADE;
DROP TABLE APLICACION CASCADE CONSTRAINTS;

CREATE TABLE APLICACION
(
  APL_ID           NUMBER(3)                    NOT NULL,
  APL_DESCRIPCION  VARCHAR2(70 BYTE)            NOT NULL
)
LOGGING 
NOCOMPRESS 
NOCACHE
NOPARALLEL
MONITORING;


ALTER TABLE CARGO
 DROP PRIMARY KEY CASCADE;
DROP TABLE CARGO CASCADE CONSTRAINTS;

CREATE TABLE CARGO
(
  CAR_ID              NUMBER(6)                 NOT NULL,
  CAR_DESCRIPCION_ES  VARCHAR2(80 BYTE)         NOT NULL,
  CAR_DESCRIPCION_EN  VARCHAR2(80 BYTE)         NOT NULL
)
LOGGING 
NOCOMPRESS 
NOCACHE
NOPARALLEL
MONITORING;


ALTER TABLE CATEGORIA_EMPRESA
 DROP PRIMARY KEY CASCADE;
DROP TABLE CATEGORIA_EMPRESA CASCADE CONSTRAINTS;

CREATE TABLE CATEGORIA_EMPRESA
(
  CAT_EMP_ID           NUMBER(4)                NOT NULL,
  CAT_EMP_DESCRIPCION  VARCHAR2(100 BYTE)       NOT NULL
)
LOGGING 
NOCOMPRESS 
NOCACHE
NOPARALLEL
MONITORING;


ALTER TABLE EMPRESA_INTERNA
 DROP PRIMARY KEY CASCADE;
DROP TABLE EMPRESA_INTERNA CASCADE CONSTRAINTS;

CREATE TABLE EMPRESA_INTERNA
(
  EMP_INT_ID           NUMBER(3)                NOT NULL,
  EMP_INT_ABREVIACION  VARCHAR2(3 BYTE)         NOT NULL,
  EMP_INT_NOMBRE       VARCHAR2(75 BYTE)
)
LOGGING 
NOCOMPRESS 
NOCACHE
NOPARALLEL
MONITORING;


ALTER TABLE OBRA
 DROP PRIMARY KEY CASCADE;
DROP TABLE OBRA CASCADE CONSTRAINTS;

CREATE TABLE OBRA
(
  OBR_ID           NUMBER(11)                   NOT NULL,
  PRO_ID           NUMBER(11),
  OBR_DESCRIPCION  VARCHAR2(200 BYTE)           NOT NULL
)
LOGGING 
NOCOMPRESS 
NOCACHE
NOPARALLEL
MONITORING;


ALTER TABLE PAIS
 DROP PRIMARY KEY CASCADE;
DROP TABLE PAIS CASCADE CONSTRAINTS;

CREATE TABLE PAIS
(
  PAI_ID               NUMBER(4)                NOT NULL,
  PAI_NOMBRE           VARCHAR2(120 BYTE)       NOT NULL,
  PAI_CODIGO_TELEFONO  VARCHAR2(5 BYTE)
)
LOGGING 
NOCOMPRESS 
NOCACHE
NOPARALLEL
MONITORING;


DROP TABLE VW_PROYECTO CASCADE CONSTRAINTS;

CREATE TABLE VW_PROYECTO
(
  P_CODIGO  NUMBER                              NOT NULL,
  P_NOMBRE  VARCHAR2(100 BYTE)                  NOT NULL
)
LOGGING 
NOCOMPRESS 
NOCACHE
NOPARALLEL
MONITORING;


ALTER TABLE FE_RECEPCION
 DROP PRIMARY KEY CASCADE;
DROP TABLE FE_RECEPCION CASCADE CONSTRAINTS;

CREATE TABLE FE_RECEPCION
(
  FE_REC_ID             NUMBER(11)              NOT NULL,
  US_CODIGO             VARCHAR2(20 BYTE),
  FE_REC_TIPO           VARCHAR2(50 BYTE)       NOT NULL,
  FE_REC_IDIOMA         CHAR(1 BYTE)            NOT NULL,
  FE_REC_FECHA          DATE                    NOT NULL,
  FE_REC_RESPONSABLE    VARCHAR2(70 BYTE)       NOT NULL,
  FE_REC_DESCRIPCION    VARCHAR2(200 BYTE)      NOT NULL,
  FE_REC_COMPANIA       VARCHAR2(150 BYTE)      NOT NULL,
  FE_REC_OFERENTE       VARCHAR2(75 BYTE)       NOT NULL,
  FE_REC_OFERTA_NOMBRE  VARCHAR2(4000 BYTE)     NOT NULL,
  FE_REC_OFERTA_CODIGO  VARCHAR2(100 BYTE),
  FE_REC_FECHA_HORA     CHAR(2 BYTE)            NOT NULL,
  FE_REC_FECHA_MINUTO   CHAR(2 BYTE)            NOT NULL,
  FE_REC_FECHA_ANIO     CHAR(4 BYTE)            NOT NULL,
  FE_REC_FECHA_MES      CHAR(2 BYTE)            NOT NULL,
  FE_REC_FECHA_DIA      CHAR(2 BYTE)            NOT NULL,
  FE_REC_SOBRE          VARCHAR2(100 BYTE)      NOT NULL,
  FE_REC_ESTADO         CHAR(1 BYTE)            NOT NULL
)
LOGGING 
NOCOMPRESS 
NOCACHE
NOPARALLEL
MONITORING;


ALTER TABLE ROL
 DROP PRIMARY KEY CASCADE;
DROP TABLE ROL CASCADE CONSTRAINTS;

CREATE TABLE ROL
(
  ROL_ID           NUMBER(3)                    NOT NULL,
  ROL_DESCRIPCION  VARCHAR2(50 BYTE)            NOT NULL,
  ROL_ESTADO       VARCHAR2(10 BYTE)
)
LOGGING 
NOCOMPRESS 
NOCACHE
NOPARALLEL
MONITORING;


ALTER TABLE ROL_APLICACION
 DROP PRIMARY KEY CASCADE;
DROP TABLE ROL_APLICACION CASCADE CONSTRAINTS;

CREATE TABLE ROL_APLICACION
(
  ROL_ID  NUMBER(3)                             NOT NULL,
  APL_ID  NUMBER(3)                             NOT NULL
)
LOGGING 
NOCOMPRESS 
NOCACHE
NOPARALLEL
MONITORING;


ALTER TABLE TIPO_CARTA
 DROP PRIMARY KEY CASCADE;
DROP TABLE TIPO_CARTA CASCADE CONSTRAINTS;

CREATE TABLE TIPO_CARTA
(
  TIP_CAR_ID           NUMBER(2)                NOT NULL,
  TIP_CAR_DESCRIPCION  VARCHAR2(60 BYTE)        NOT NULL
)
LOGGING 
NOCOMPRESS 
NOCACHE
NOPARALLEL
MONITORING;


ALTER TABLE TIPO_CONTACTO
 DROP PRIMARY KEY CASCADE;
DROP TABLE TIPO_CONTACTO CASCADE CONSTRAINTS;

CREATE TABLE TIPO_CONTACTO
(
  TIP_CON_ID           NUMBER(3)                NOT NULL,
  TIP_CON_DESCRIPCION  VARCHAR2(50 BYTE)        NOT NULL
)
LOGGING 
NOCOMPRESS 
NOCACHE
NOPARALLEL
MONITORING;


ALTER TABLE TIPO_PERSONA
 DROP PRIMARY KEY CASCADE;
DROP TABLE TIPO_PERSONA CASCADE CONSTRAINTS;

CREATE TABLE TIPO_PERSONA
(
  TIP_PER_ID              NUMBER(3)             NOT NULL,
  TIP_PER_DESCRIPCION_ES  VARCHAR2(30 BYTE)     NOT NULL,
  TIP_PER_DESCRIPCION_EN  VARCHAR2(30 BYTE)     NOT NULL
)
LOGGING 
NOCOMPRESS 
NOCACHE
NOPARALLEL
MONITORING;


ALTER TABLE TIPO_TELEFONO
 DROP PRIMARY KEY CASCADE;
DROP TABLE TIPO_TELEFONO CASCADE CONSTRAINTS;

CREATE TABLE TIPO_TELEFONO
(
  TIP_TEL_ID           NUMBER(3)                NOT NULL,
  TIP_TEL_DESCRIPCION  VARCHAR2(60 BYTE)        NOT NULL
)
LOGGING 
NOCOMPRESS 
NOCACHE
NOPARALLEL
MONITORING;


DROP TABLE "USER" CASCADE CONSTRAINTS;

CREATE TABLE "USER"
(
  USER_ID       NUMBER(11),
  USERNAME      VARCHAR2(255 BYTE),
  EMAIL         VARCHAR2(255 BYTE),
  DISPLAY_NAME  VARCHAR2(50 BYTE),
  PASSWORD      VARCHAR2(128 BYTE),
  STATE         INTEGER
)
LOGGING 
NOCOMPRESS 
NOCACHE
NOPARALLEL
MONITORING;


ALTER TABLE "vista_usuario"
 DROP PRIMARY KEY CASCADE;
DROP TABLE "vista_usuario" CASCADE CONSTRAINTS;

CREATE TABLE "vista_usuario"
(
  "us_codigo"  VARCHAR2(20 BYTE)                NOT NULL,
  "us_clave"   VARCHAR2(255 BYTE),
  "us_nombre"  VARCHAR2(100 BYTE)               NOT NULL
)
LOGGING 
NOCOMPRESS 
NOCACHE
NOPARALLEL
MONITORING;


CREATE UNIQUE INDEX PK_VISTA_USUARIO ON "vista_usuario"
("us_codigo")
LOGGING
NOPARALLEL;


CREATE UNIQUE INDEX PK_TIPO_TELEFONO ON TIPO_TELEFONO
(TIP_TEL_ID)
LOGGING
NOPARALLEL;


CREATE UNIQUE INDEX PK_TIPO_PERSONA ON TIPO_PERSONA
(TIP_PER_ID)
LOGGING
NOPARALLEL;


CREATE UNIQUE INDEX PK_TIPO_CONTACTO ON TIPO_CONTACTO
(TIP_CON_ID)
LOGGING
NOPARALLEL;


CREATE UNIQUE INDEX PK_TIPO_CARTA ON TIPO_CARTA
(TIP_CAR_ID)
LOGGING
NOPARALLEL;


CREATE INDEX ROL_APL_APL_ID_FK ON ROL_APLICACION
(APL_ID)
LOGGING
NOPARALLEL;


CREATE INDEX ROL_APL_ROL_ID_FK ON ROL_APLICACION
(ROL_ID)
LOGGING
NOPARALLEL;


CREATE UNIQUE INDEX PK_ROL_APLICACION ON ROL_APLICACION
(ROL_ID, APL_ID)
LOGGING
NOPARALLEL;


CREATE UNIQUE INDEX PK_ROL ON ROL
(ROL_ID)
LOGGING
NOPARALLEL;


CREATE UNIQUE INDEX PK_PAIS ON PAIS
(PAI_ID)
LOGGING
NOPARALLEL;


CREATE INDEX OBR_PRO_ID_FK ON OBRA
(PRO_ID)
LOGGING
NOPARALLEL;


CREATE UNIQUE INDEX PK_OBRA ON OBRA
(OBR_ID)
LOGGING
NOPARALLEL;


CREATE INDEX FE_REC_VIS_US_CODIGO_FK ON FE_RECEPCION
(US_CODIGO)
LOGGING
NOPARALLEL;


CREATE UNIQUE INDEX PK_FE_RECEPCION ON FE_RECEPCION
(FE_REC_ID)
LOGGING
NOPARALLEL;


CREATE UNIQUE INDEX PK_EMPRESA_INTERNA ON EMPRESA_INTERNA
(EMP_INT_ID)
LOGGING
NOPARALLEL;


CREATE UNIQUE INDEX PK_CATEGORIA_EMPRESA ON CATEGORIA_EMPRESA
(CAT_EMP_ID)
LOGGING
NOPARALLEL;


CREATE UNIQUE INDEX PK_CARGO ON CARGO
(CAR_ID)
LOGGING
NOPARALLEL;


CREATE UNIQUE INDEX PK_APLICACION ON APLICACION
(APL_ID)
LOGGING
NOPARALLEL;


ALTER TABLE CARTA
 DROP PRIMARY KEY CASCADE;
DROP TABLE CARTA CASCADE CONSTRAINTS;

CREATE TABLE CARTA
(
  CTR_ID                   NUMBER(11)           NOT NULL,
  PRO_ID                   NUMBER(11),
  EMP_INT_ID               NUMBER(3),
  US_CODIGO                VARCHAR2(20 BYTE),
  TIP_CAR_ID               NUMBER(2),
  CTR_IDIOMA               CHAR(1 BYTE)         NOT NULL,
  CTR_FECHA_CREACION       DATE                 NOT NULL,
  CTR_CODIGO_FINAL         VARCHAR2(50 BYTE),
  CTR_FECHA_ACTUALIZACION  DATE                 NOT NULL,
  CTR_REFERENCIA           VARCHAR2(300 BYTE),
  CTR_SALUDO               VARCHAR2(100 BYTE)   NOT NULL,
  CTR_DESPEDIDA            VARCHAR2(100 BYTE)   NOT NULL,
  CTR_TIPO                 CHAR(1 BYTE)         NOT NULL,
  CTR_ESTADO               CHAR(1 BYTE)         NOT NULL,
  CTR_CUERPO               VARCHAR2(4000 BYTE)  NOT NULL
)
LOGGING 
NOCOMPRESS 
NOCACHE
NOPARALLEL
MONITORING;


ALTER TABLE DESPEDIDA
 DROP PRIMARY KEY CASCADE;
DROP TABLE DESPEDIDA CASCADE CONSTRAINTS;

CREATE TABLE DESPEDIDA
(
  DES_ID           NUMBER(4)                    NOT NULL,
  CTR_ID           NUMBER(11),
  DES_DESCRIPCION  VARCHAR2(100 BYTE)           NOT NULL
)
LOGGING 
NOCOMPRESS 
NOCACHE
NOPARALLEL
MONITORING;


ALTER TABLE DETALLE_USUARIO
 DROP PRIMARY KEY CASCADE;
DROP TABLE DETALLE_USUARIO CASCADE CONSTRAINTS;

CREATE TABLE DETALLE_USUARIO
(
  US_CODIGO     VARCHAR2(20 BYTE)               NOT NULL,
  DET_USU_TIPO  CHAR(1 BYTE)                    NOT NULL
)
LOGGING 
NOCOMPRESS 
NOCACHE
NOPARALLEL
MONITORING;


ALTER TABLE EMPLEADO
 DROP PRIMARY KEY CASCADE;
DROP TABLE EMPLEADO CASCADE CONSTRAINTS;

CREATE TABLE EMPLEADO
(
  EPL_ID        NUMBER,
  EMP_INT_ID    NUMBER(3),
  EPL_NOMBRE    VARCHAR2(35 BYTE)               NOT NULL,
  EPL_APELLIDO  VARCHAR2(35 BYTE)               NOT NULL,
  EPL_CARGO     VARCHAR2(100 BYTE)              NOT NULL
)
LOGGING 
NOCOMPRESS 
NOCACHE
NOPARALLEL
MONITORING;


ALTER TABLE ESTADO
 DROP PRIMARY KEY CASCADE;
DROP TABLE ESTADO CASCADE CONSTRAINTS;

CREATE TABLE ESTADO
(
  EST_ID      NUMBER(4)                         NOT NULL,
  PAI_ID      NUMBER(4),
  EST_NOMBRE  VARCHAR2(150 BYTE)                NOT NULL
)
LOGGING 
NOCOMPRESS 
NOCACHE
NOPARALLEL
MONITORING;


ALTER TABLE ROL_USUARIO
 DROP PRIMARY KEY CASCADE;
DROP TABLE ROL_USUARIO CASCADE CONSTRAINTS;

CREATE TABLE ROL_USUARIO
(
  ROL_ID     NUMBER(3)                          NOT NULL,
  US_CODIGO  VARCHAR2(20 BYTE)                  NOT NULL
)
LOGGING 
NOCOMPRESS 
NOCACHE
NOPARALLEL
MONITORING;


ALTER TABLE SALUDO
 DROP PRIMARY KEY CASCADE;
DROP TABLE SALUDO CASCADE CONSTRAINTS;

CREATE TABLE SALUDO
(
  SAL_ID           NUMBER(4)                    NOT NULL,
  CTR_ID           NUMBER(11),
  SAL_DESCRIPCION  VARCHAR2(100 BYTE)           NOT NULL
)
LOGGING 
NOCOMPRESS 
NOCACHE
NOPARALLEL
MONITORING;


CREATE INDEX SAL_CAR_ID_FK ON SALUDO
(CTR_ID)
LOGGING
NOPARALLEL;


CREATE UNIQUE INDEX PK_SALUDO ON SALUDO
(SAL_ID)
LOGGING
NOPARALLEL;


CREATE INDEX ROL_USU_US_CODIGO_FK ON ROL_USUARIO
(US_CODIGO)
LOGGING
NOPARALLEL;


CREATE INDEX ROL_USU_ROL_ID_FK ON ROL_USUARIO
(ROL_ID)
LOGGING
NOPARALLEL;


CREATE UNIQUE INDEX PK_ROL_USUARIO ON ROL_USUARIO
(ROL_ID, US_CODIGO)
LOGGING
NOPARALLEL;


CREATE UNIQUE INDEX PK_ESTADO ON ESTADO
(EST_ID)
LOGGING
NOPARALLEL;


CREATE INDEX EST_PAI_ID_FK ON ESTADO
(PAI_ID)
LOGGING
NOPARALLEL;


CREATE INDEX EMP_EMP_INT_ID_FK ON EMPLEADO
(EMP_INT_ID)
LOGGING
NOPARALLEL;


CREATE UNIQUE INDEX PK_EMPLEADO ON EMPLEADO
(EPL_ID)
LOGGING
NOPARALLEL;


CREATE UNIQUE INDEX PK_DETALLE_USUARIO ON DETALLE_USUARIO
(US_CODIGO)
LOGGING
NOPARALLEL;


CREATE INDEX DES_CAR_ID_FK ON DESPEDIDA
(CTR_ID)
LOGGING
NOPARALLEL;


CREATE UNIQUE INDEX PK_DESPEDIDA ON DESPEDIDA
(DES_ID)
LOGGING
NOPARALLEL;


CREATE INDEX CAR_OBR_ID_FK ON CARTA
(PRO_ID)
LOGGING
NOPARALLEL;


CREATE INDEX CAR_EMP_INT_ID_FK ON CARTA
(EMP_INT_ID)
LOGGING
NOPARALLEL;


CREATE INDEX CAR_TIP_CAR_ID_FK ON CARTA
(TIP_CAR_ID)
LOGGING
NOPARALLEL;


CREATE INDEX CAR_US_CODIGO_FK ON CARTA
(US_CODIGO)
LOGGING
NOPARALLEL;


CREATE UNIQUE INDEX PK_CARTA ON CARTA
(CTR_ID)
LOGGING
NOPARALLEL;


ALTER TABLE CIUDAD
 DROP PRIMARY KEY CASCADE;
DROP TABLE CIUDAD CASCADE CONSTRAINTS;

CREATE TABLE CIUDAD
(
  CIU_ID               NUMBER(11)               NOT NULL,
  EST_ID               NUMBER(4),
  CIU_NOMBRE           VARCHAR2(150 BYTE)       NOT NULL,
  CIU_CODIGO_TELEFONO  VARCHAR2(5 BYTE)         NOT NULL
)
LOGGING 
NOCOMPRESS 
NOCACHE
NOPARALLEL
MONITORING;


ALTER TABLE CARTA_FIRMA
 DROP PRIMARY KEY CASCADE;
DROP TABLE CARTA_FIRMA CASCADE CONSTRAINTS;

CREATE TABLE CARTA_FIRMA
(
  CAR_FIR_ID    NUMBER(11)                      NOT NULL,
  CTR_ID        NUMBER(11)                      NOT NULL,
  EPL_ID        NUMBER(11)                      NOT NULL,
  CAR_FIR_TIPO  CHAR(1 BYTE)
)
LOGGING 
NOCOMPRESS 
NOCACHE
NOPARALLEL
MONITORING;


ALTER TABLE EMPRESA
 DROP PRIMARY KEY CASCADE;
DROP TABLE EMPRESA CASCADE CONSTRAINTS;

CREATE TABLE EMPRESA
(
  EMP_ID                   NUMBER(11)           NOT NULL,
  CAT_EMP_ID               NUMBER(4),
  CIU_ID                   NUMBER(11),
  EMP_EMP_ID               NUMBER(11),
  EMP_NOMBRE               VARCHAR2(100 BYTE)   NOT NULL,
  EMP_DIRECCION            VARCHAR2(150 BYTE)   NOT NULL,
  EMP_REFERENCIA           VARCHAR2(75 BYTE),
  EMP_SECTOR               VARCHAR2(50 BYTE)    NOT NULL,
  EMP_EMAIL                VARCHAR2(150 BYTE)   NOT NULL,
  EMP_PAGINA_WEB           VARCHAR2(70 BYTE),
  EMP_FECHA_ACTUALIZACION  DATE                 NOT NULL,
  EMP_USUARIO              VARCHAR2(20 BYTE)    NOT NULL,
  EMP_DOCUMENTO            VARCHAR2(25 BYTE),
  EMP_ESTADO               CHAR(1 BYTE)
)
LOGGING 
NOCOMPRESS 
NOCACHE
NOPARALLEL
MONITORING;


CREATE INDEX RELATIONSHIP_32_FK ON EMPRESA
(EMP_EMP_ID)
LOGGING
NOPARALLEL;


CREATE INDEX EMP_CAT_EMP_ID_FK ON EMPRESA
(CAT_EMP_ID)
LOGGING
NOPARALLEL;


CREATE UNIQUE INDEX PK_EMPRESA ON EMPRESA
(EMP_ID)
LOGGING
NOPARALLEL;


CREATE INDEX EMP_CIU_ID_FK ON EMPRESA
(CIU_ID)
LOGGING
NOPARALLEL;


CREATE INDEX CIU_EST_ID_FK ON CIUDAD
(EST_ID)
LOGGING
NOPARALLEL;


CREATE UNIQUE INDEX PK_CIUDAD ON CIUDAD
(CIU_ID)
LOGGING
NOPARALLEL;


CREATE INDEX CAR_FIR_CAR_ID_FK ON CARTA_FIRMA
(CTR_ID)
LOGGING
NOPARALLEL;


CREATE INDEX CAR_FIR_EPL_ID_FK ON CARTA_FIRMA
(EPL_ID)
LOGGING
NOPARALLEL;


CREATE UNIQUE INDEX PK_CARTA_FIRMA ON CARTA_FIRMA
(CAR_FIR_ID)
LOGGING
NOPARALLEL;


ALTER TABLE CONTACTO
 DROP PRIMARY KEY CASCADE;
DROP TABLE CONTACTO CASCADE CONSTRAINTS;

CREATE TABLE CONTACTO
(
  CON_ID                         NUMBER(11)     NOT NULL,
  CIU_ID                         NUMBER(11)     NOT NULL,
  CON_NOMBRE                     VARCHAR2(35 BYTE) NOT NULL,
  CON_APELLIDO                   VARCHAR2(35 BYTE) NOT NULL,
  CON_EMAIL                      VARCHAR2(150 BYTE) NOT NULL,
  CON_USUARIO                    VARCHAR2(20 BYTE) NOT NULL,
  CON_FECHA_ACTUALIZACION        DATE           NOT NULL,
  CON_PRIVADO                    CHAR(1 BYTE),
  CON_FECHA_NACIMIENTO_PERSONAL  DATE,
  CON_DIRECCION_DOMICILIO_PER    VARCHAR2(150 BYTE),
  CON_EMAIL_PERSONAL             VARCHAR2(150 BYTE),
  CON_CODIGO_PAIS                VARCHAR2(5 BYTE),
  CON_CODIGO_CIUDAD              VARCHAR2(5 BYTE),
  CON_TELEFONO_DOMICILIO_PER     VARCHAR2(15 BYTE),
  CON_CELULAR_PERSONAL           VARCHAR2(15 BYTE),
  CON_OBSERVACIONES              VARCHAR2(4000 BYTE),
  EMP_ID                         NUMBER(11),
  CON_DESCRIPCION_ES             VARCHAR2(30 BYTE) NOT NULL,
  CON_DESCRIPCION_EN             VARCHAR2(30 BYTE) NOT NULL,
  CON_TIP_PER_ES                 VARCHAR2(30 BYTE) NOT NULL,
  CON_TIP_PER_EN                 VARCHAR2(30 BYTE) NOT NULL,
  CON_DIRECCION                  VARCHAR2(150 BYTE) NOT NULL,
  CON_SECRETARIA                 VARCHAR2(70 BYTE),
  CON_SECRETARIA_TELEFONO        VARCHAR2(15 BYTE),
  CON_ESTADO                     CHAR(1 BYTE)   NOT NULL,
  CON_OBSERVACIONES_PRIVADO      VARCHAR2(4000 BYTE)
)
LOGGING 
NOCOMPRESS 
NOCACHE
NOPARALLEL
MONITORING;


ALTER TABLE CARTA_DESTINATARIO
 DROP PRIMARY KEY CASCADE;
DROP TABLE CARTA_DESTINATARIO CASCADE CONSTRAINTS;

CREATE TABLE CARTA_DESTINATARIO
(
  CTR_ID             NUMBER(11)                 NOT NULL,
  CON_ID             NUMBER(11)                 NOT NULL,
  CAR_DES_PRINCIPAL  CHAR(1 BYTE)               NOT NULL
)
LOGGING 
NOCOMPRESS 
NOCACHE
NOPARALLEL
MONITORING;


ALTER TABLE DETALLE_CONTACTO
 DROP PRIMARY KEY CASCADE;
DROP TABLE DETALLE_CONTACTO CASCADE CONSTRAINTS;

CREATE TABLE DETALLE_CONTACTO
(
  DET_CON_ID             NUMBER(11)             NOT NULL,
  EMP_ID                 NUMBER(11),
  CON_ID                 NUMBER(11),
  TIP_TEL_ID             NUMBER(3),
  DET_CON_CODIGO_PAIS    VARCHAR2(5 BYTE),
  DET_CON_CODIGO_CIUDAD  VARCHAR2(5 BYTE),
  DET_CON_VALOR          VARCHAR2(50 BYTE)      NOT NULL,
  DET_CON_EXTENSION      VARCHAR2(10 BYTE)
)
LOGGING 
NOCOMPRESS 
NOCACHE
NOPARALLEL
MONITORING;


CREATE INDEX DET_CON_TIP_TEL_ID_FK ON DETALLE_CONTACTO
(TIP_TEL_ID)
LOGGING
NOPARALLEL;


CREATE INDEX DET_CON_EMP_ID_FK ON DETALLE_CONTACTO
(EMP_ID)
LOGGING
NOPARALLEL;


CREATE INDEX DET_CON_CON_ID_FK ON DETALLE_CONTACTO
(CON_ID)
LOGGING
NOPARALLEL;


CREATE UNIQUE INDEX PK_DETALLE_CONTACTO ON DETALLE_CONTACTO
(DET_CON_ID)
LOGGING
NOPARALLEL;


CREATE INDEX RELATIONSHIP_33_FK ON CONTACTO
(EMP_ID)
LOGGING
NOPARALLEL;


CREATE INDEX CON_CIU_ID_FK ON CONTACTO
(CIU_ID)
LOGGING
NOPARALLEL;


CREATE UNIQUE INDEX PK_CONTACTO ON CONTACTO
(CON_ID)
LOGGING
NOPARALLEL;


CREATE INDEX CAR_DES_CON_ID_FK ON CARTA_DESTINATARIO
(CON_ID)
LOGGING
NOPARALLEL;


CREATE INDEX CAR_DES_CAR_ID_FK ON CARTA_DESTINATARIO
(CTR_ID)
LOGGING
NOPARALLEL;


CREATE UNIQUE INDEX PK_CARTA_DESTINATARIO ON CARTA_DESTINATARIO
(CTR_ID, CON_ID)
LOGGING
NOPARALLEL;


ALTER TABLE CONTACTO_RELACIONADO
 DROP PRIMARY KEY CASCADE;
DROP TABLE CONTACTO_RELACIONADO CASCADE CONSTRAINTS;

CREATE TABLE CONTACTO_RELACIONADO
(
  CON_REL_ID     NUMBER(11)                     NOT NULL,
  TIP_CON_ID     NUMBER(3),
  CON_ID         NUMBER(11),
  CON_REL_VALOR  VARCHAR2(75 BYTE)              NOT NULL
)
LOGGING 
NOCOMPRESS 
NOCACHE
NOPARALLEL
MONITORING;


CREATE INDEX CON_REL_CON_ID_FK ON CONTACTO_RELACIONADO
(CON_ID)
LOGGING
NOPARALLEL;


CREATE INDEX CON_REL_TIP_CON_ID_FK ON CONTACTO_RELACIONADO
(TIP_CON_ID)
LOGGING
NOPARALLEL;


CREATE UNIQUE INDEX PK_CONTACTO_RELACIONADO ON CONTACTO_RELACIONADO
(CON_REL_ID)
LOGGING
NOPARALLEL;


ALTER TABLE APLICACION ADD (
  CONSTRAINT PK_APLICACION
 PRIMARY KEY
 (APL_ID));

ALTER TABLE CARGO ADD (
  CONSTRAINT PK_CARGO
 PRIMARY KEY
 (CAR_ID));

ALTER TABLE CATEGORIA_EMPRESA ADD (
  CONSTRAINT PK_CATEGORIA_EMPRESA
 PRIMARY KEY
 (CAT_EMP_ID));

ALTER TABLE EMPRESA_INTERNA ADD (
  CONSTRAINT PK_EMPRESA_INTERNA
 PRIMARY KEY
 (EMP_INT_ID));

ALTER TABLE OBRA ADD (
  CONSTRAINT PK_OBRA
 PRIMARY KEY
 (OBR_ID));

ALTER TABLE PAIS ADD (
  CONSTRAINT PK_PAIS
 PRIMARY KEY
 (PAI_ID));

ALTER TABLE FE_RECEPCION ADD (
  CONSTRAINT PK_FE_RECEPCION
 PRIMARY KEY
 (FE_REC_ID));

ALTER TABLE ROL ADD (
  CONSTRAINT PK_ROL
 PRIMARY KEY
 (ROL_ID));

ALTER TABLE ROL_APLICACION ADD (
  CONSTRAINT PK_ROL_APLICACION
 PRIMARY KEY
 (ROL_ID, APL_ID));

ALTER TABLE TIPO_CARTA ADD (
  CONSTRAINT PK_TIPO_CARTA
 PRIMARY KEY
 (TIP_CAR_ID));

ALTER TABLE TIPO_CONTACTO ADD (
  CONSTRAINT PK_TIPO_CONTACTO
 PRIMARY KEY
 (TIP_CON_ID));

ALTER TABLE TIPO_PERSONA ADD (
  CONSTRAINT PK_TIPO_PERSONA
 PRIMARY KEY
 (TIP_PER_ID));

ALTER TABLE TIPO_TELEFONO ADD (
  CONSTRAINT PK_TIPO_TELEFONO
 PRIMARY KEY
 (TIP_TEL_ID));

ALTER TABLE "vista_usuario" ADD (
  CONSTRAINT PK_VISTA_USUARIO
 PRIMARY KEY
 ("us_codigo"));

ALTER TABLE CARTA ADD (
  CONSTRAINT PK_CARTA
 PRIMARY KEY
 (CTR_ID));

ALTER TABLE DESPEDIDA ADD (
  CONSTRAINT PK_DESPEDIDA
 PRIMARY KEY
 (DES_ID));

ALTER TABLE DETALLE_USUARIO ADD (
  CONSTRAINT PK_DETALLE_USUARIO
 PRIMARY KEY
 (US_CODIGO));

ALTER TABLE EMPLEADO ADD (
  CONSTRAINT PK_EMPLEADO
 PRIMARY KEY
 (EPL_ID));

ALTER TABLE ESTADO ADD (
  CONSTRAINT PK_ESTADO
 PRIMARY KEY
 (EST_ID));

ALTER TABLE ROL_USUARIO ADD (
  CONSTRAINT PK_ROL_USUARIO
 PRIMARY KEY
 (ROL_ID, US_CODIGO));

ALTER TABLE SALUDO ADD (
  CONSTRAINT PK_SALUDO
 PRIMARY KEY
 (SAL_ID));

ALTER TABLE CIUDAD ADD (
  CONSTRAINT PK_CIUDAD
 PRIMARY KEY
 (CIU_ID));

ALTER TABLE CARTA_FIRMA ADD (
  CONSTRAINT PK_CARTA_FIRMA
 PRIMARY KEY
 (CAR_FIR_ID));

ALTER TABLE EMPRESA ADD (
  CONSTRAINT PK_EMPRESA
 PRIMARY KEY
 (EMP_ID));

ALTER TABLE CONTACTO ADD (
  CONSTRAINT PK_CONTACTO
 PRIMARY KEY
 (CON_ID));

ALTER TABLE CARTA_DESTINATARIO ADD (
  CONSTRAINT PK_CARTA_DESTINATARIO
 PRIMARY KEY
 (CTR_ID, CON_ID));

ALTER TABLE DETALLE_CONTACTO ADD (
  CONSTRAINT PK_DETALLE_CONTACTO
 PRIMARY KEY
 (DET_CON_ID));

ALTER TABLE CONTACTO_RELACIONADO ADD (
  CONSTRAINT PK_CONTACTO_RELACIONADO
 PRIMARY KEY
 (CON_REL_ID));

ALTER TABLE ROL_APLICACION ADD (
  CONSTRAINT FK_ROL_APLI_ROL_APL_A_APLICACI 
 FOREIGN KEY (APL_ID) 
 REFERENCES APLICACION (APL_ID),
  CONSTRAINT FK_ROL_APLI_ROL_APL_R_ROL 
 FOREIGN KEY (ROL_ID) 
 REFERENCES ROL (ROL_ID));

ALTER TABLE CARTA ADD (
  CONSTRAINT FK_CARTA_CAR_EMP_I_EMPRESA_ 
 FOREIGN KEY (EMP_INT_ID) 
 REFERENCES EMPRESA_INTERNA (EMP_INT_ID),
  CONSTRAINT FK_CARTA_CAR_OBR_I_OBRA 
 FOREIGN KEY (PRO_ID) 
 REFERENCES OBRA (OBR_ID),
  CONSTRAINT FK_CARTA_CAR_TIP_C_TIPO_CAR 
 FOREIGN KEY (TIP_CAR_ID) 
 REFERENCES TIPO_CARTA (TIP_CAR_ID),
  CONSTRAINT FK_CARTA_CAR_US_CO_VISTA_US 
 FOREIGN KEY (US_CODIGO) 
 REFERENCES vista_usuario ("us_codigo"));

ALTER TABLE DESPEDIDA ADD (
  CONSTRAINT FK_DESPEDID_DES_CAR_I_CARTA 
 FOREIGN KEY (CTR_ID) 
 REFERENCES CARTA (CTR_ID));

ALTER TABLE DETALLE_USUARIO ADD (
  CONSTRAINT FK_DETALLE__USU_VIS_U_VISTA_US 
 FOREIGN KEY (US_CODIGO) 
 REFERENCES vista_usuario ("us_codigo"));

ALTER TABLE EMPLEADO ADD (
  CONSTRAINT FK_EMPLEADO_EMP_EMP_I_EMPRESA_ 
 FOREIGN KEY (EMP_INT_ID) 
 REFERENCES EMPRESA_INTERNA (EMP_INT_ID));

ALTER TABLE ESTADO ADD (
  CONSTRAINT FK_ESTADO_EST_PAI_I_PAIS 
 FOREIGN KEY (PAI_ID) 
 REFERENCES PAIS (PAI_ID));

ALTER TABLE ROL_USUARIO ADD (
  CONSTRAINT FK_ROL_USUA_ROL_USU_R_ROL 
 FOREIGN KEY (ROL_ID) 
 REFERENCES ROL (ROL_ID),
  CONSTRAINT FK_ROL_USUA_ROL_USU_U_VISTA_US 
 FOREIGN KEY (US_CODIGO) 
 REFERENCES vista_usuario ("us_codigo"));

ALTER TABLE SALUDO ADD (
  CONSTRAINT FK_SALUDO_SAL_CAR_I_CARTA 
 FOREIGN KEY (CTR_ID) 
 REFERENCES CARTA (CTR_ID));

ALTER TABLE CIUDAD ADD (
  CONSTRAINT FK_CIUDAD_CIU_EST_I_ESTADO 
 FOREIGN KEY (EST_ID) 
 REFERENCES ESTADO (EST_ID));

ALTER TABLE CARTA_FIRMA ADD (
  CONSTRAINT FK_CARTA_FI_CAR_FIR_C_CARTA 
 FOREIGN KEY (CTR_ID) 
 REFERENCES CARTA (CTR_ID),
  CONSTRAINT FK_CARTA_FI_CAR_FIR_E_EMPLEADO 
 FOREIGN KEY (EPL_ID) 
 REFERENCES EMPLEADO (EPL_ID));

ALTER TABLE EMPRESA ADD (
  CONSTRAINT FK_EMPRESA_EMP_CAT_E_CATEGORI 
 FOREIGN KEY (CAT_EMP_ID) 
 REFERENCES CATEGORIA_EMPRESA (CAT_EMP_ID),
  CONSTRAINT FK_EMPRESA_EMP_CIU_I_CIUDAD 
 FOREIGN KEY (CIU_ID) 
 REFERENCES CIUDAD (CIU_ID),
  CONSTRAINT FK_EMPRESA_RELATIONS_EMPRESA 
 FOREIGN KEY (EMP_EMP_ID) 
 REFERENCES EMPRESA (EMP_ID));

ALTER TABLE CONTACTO ADD (
  CONSTRAINT FK_CONTACTO_CON_CIU_I_CIUDAD 
 FOREIGN KEY (CIU_ID) 
 REFERENCES CIUDAD (CIU_ID),
  CONSTRAINT FK_CONTACTO_RELATIONS_EMPRESA 
 FOREIGN KEY (EMP_ID) 
 REFERENCES EMPRESA (EMP_ID));

ALTER TABLE CARTA_DESTINATARIO ADD (
  CONSTRAINT FK_CARTA_DE_CAR_DES_C_CARTA 
 FOREIGN KEY (CTR_ID) 
 REFERENCES CARTA (CTR_ID),
  CONSTRAINT FK_CARTA_DE_CAR_DES_C_CONTACTO 
 FOREIGN KEY (CON_ID) 
 REFERENCES CONTACTO (CON_ID));

ALTER TABLE DETALLE_CONTACTO ADD (
  CONSTRAINT FK_DETALLE__DET_CON_C_CONTACTO 
 FOREIGN KEY (CON_ID) 
 REFERENCES CONTACTO (CON_ID),
  CONSTRAINT FK_DETALLE__DET_CON_E_EMPRESA 
 FOREIGN KEY (EMP_ID) 
 REFERENCES EMPRESA (EMP_ID),
  CONSTRAINT FK_DETALLE__DET_CON_T_TIPO_TEL 
 FOREIGN KEY (TIP_TEL_ID) 
 REFERENCES TIPO_TELEFONO (TIP_TEL_ID));

ALTER TABLE CONTACTO_RELACIONADO ADD (
  CONSTRAINT FK_CONTACTO_CON_REL_C_CONTACTO 
 FOREIGN KEY (CON_ID) 
 REFERENCES CONTACTO (CON_ID),
  CONSTRAINT FK_CONTACTO_CON_REL_T_TIPO_CON 
 FOREIGN KEY (TIP_CON_ID) 
 REFERENCES TIPO_CONTACTO (TIP_CON_ID));



ALTER TABLE CORRESPONDENCIA.CARTA ADD (
  CONSTRAINT FK_CARTA_CAR_EMP_I_EMPRESA_ 
 FOREIGN KEY (EMP_INT_ID) 
 REFERENCES CORRESPONDENCIA.EMPRESA_INTERNA (EMP_INT_ID),
  CONSTRAINT FK_CARTA_CAR_OBR_I_OBRA 
 FOREIGN KEY (PRO_ID) 
 REFERENCES CORRESPONDENCIA.OBRA (OBR_ID),
  CONSTRAINT FK_CARTA_CAR_TIP_C_TIPO_CAR 
 FOREIGN KEY (TIP_CAR_ID) 
 REFERENCES CORRESPONDENCIA.TIPO_CARTA (TIP_CAR_ID),
  CONSTRAINT FK_CARTA_CAR_US_CO_VISTA_US 
 FOREIGN KEY (US_CODIGO) 
 REFERENCES CORRESPONDENCIA."vista_usuario" ("us_codigo"));

ALTER TABLE CORRESPONDENCIA.CARTA_DESTINATARIO ADD (
  CONSTRAINT FK_CARTA_DE_CAR_DES_C_CARTA 
 FOREIGN KEY (CTR_ID) 
 REFERENCES CORRESPONDENCIA.CARTA (CTR_ID),
  CONSTRAINT FK_CARTA_DE_CAR_DES_C_CONTACTO 
 FOREIGN KEY (CON_ID) 
 REFERENCES CORRESPONDENCIA.CONTACTO (CON_ID));

ALTER TABLE CORRESPONDENCIA.CIUDAD ADD (
  CONSTRAINT FK_CIUDAD_CIU_EST_I_ESTADO 
 FOREIGN KEY (EST_ID) 
 REFERENCES CORRESPONDENCIA.ESTADO (EST_ID));

ALTER TABLE CORRESPONDENCIA.CONTACTO ADD (
  CONSTRAINT FK_CONTACTO_CON_CIU_I_CIUDAD 
 FOREIGN KEY (CIU_ID) 
 REFERENCES CORRESPONDENCIA.CIUDAD (CIU_ID),
  CONSTRAINT FK_CONTACTO_RELATIONS_EMPRESA 
 FOREIGN KEY (EMP_ID) 
 REFERENCES CORRESPONDENCIA.EMPRESA (EMP_ID));

ALTER TABLE CORRESPONDENCIA.CONTACTO_RELACIONADO ADD (
  CONSTRAINT FK_CONTACTO_CON_REL_C_CONTACTO 
 FOREIGN KEY (CON_ID) 
 REFERENCES CORRESPONDENCIA.CONTACTO (CON_ID),
  CONSTRAINT FK_CONTACTO_CON_REL_T_TIPO_CON 
 FOREIGN KEY (TIP_CON_ID) 
 REFERENCES CORRESPONDENCIA.TIPO_CONTACTO (TIP_CON_ID));

ALTER TABLE CORRESPONDENCIA.DESPEDIDA ADD (
  CONSTRAINT FK_DESPEDID_DES_CAR_I_CARTA 
 FOREIGN KEY (CTR_ID) 
 REFERENCES CORRESPONDENCIA.CARTA (CTR_ID));

ALTER TABLE CORRESPONDENCIA.DETALLE_CONTACTO ADD (
  CONSTRAINT FK_DETALLE__DET_CON_C_CONTACTO 
 FOREIGN KEY (CON_ID) 
 REFERENCES CORRESPONDENCIA.CONTACTO (CON_ID),
  CONSTRAINT FK_DETALLE__DET_CON_E_EMPRESA 
 FOREIGN KEY (EMP_ID) 
 REFERENCES CORRESPONDENCIA.EMPRESA (EMP_ID),
  CONSTRAINT FK_DETALLE__DET_CON_T_TIPO_TEL 
 FOREIGN KEY (TIP_TEL_ID) 
 REFERENCES CORRESPONDENCIA.TIPO_TELEFONO (TIP_TEL_ID));

ALTER TABLE CORRESPONDENCIA.DETALLE_USUARIO ADD (
  CONSTRAINT FK_DETALLE__USU_VIS_U_VISTA_US 
 FOREIGN KEY (US_CODIGO) 
 REFERENCES CORRESPONDENCIA."vista_usuario" ("us_codigo"));

ALTER TABLE CORRESPONDENCIA.EMPLEADO ADD (
  CONSTRAINT FK_EMPLEADO_EMP_EMP_I_EMPRESA_ 
 FOREIGN KEY (EMP_INT_ID) 
 REFERENCES CORRESPONDENCIA.EMPRESA_INTERNA (EMP_INT_ID));

ALTER TABLE CORRESPONDENCIA.EMPRESA ADD (
  CONSTRAINT FK_EMPRESA_EMP_CAT_E_CATEGORI 
 FOREIGN KEY (CAT_EMP_ID) 
 REFERENCES CORRESPONDENCIA.CATEGORIA_EMPRESA (CAT_EMP_ID),
  CONSTRAINT FK_EMPRESA_EMP_CIU_I_CIUDAD 
 FOREIGN KEY (CIU_ID) 
 REFERENCES CORRESPONDENCIA.CIUDAD (CIU_ID));

ALTER TABLE CORRESPONDENCIA.ESTADO ADD (
  CONSTRAINT FK_ESTADO_EST_PAI_I_PAIS 
 FOREIGN KEY (PAI_ID) 
 REFERENCES CORRESPONDENCIA.PAIS (PAI_ID));

ALTER TABLE CORRESPONDENCIA.ROL_APLICACION ADD (
  CONSTRAINT FK_ROL_APLI_ROL_APL_A_APLICACI 
 FOREIGN KEY (APL_ID) 
 REFERENCES CORRESPONDENCIA.APLICACION (APL_ID),
  CONSTRAINT FK_ROL_APLI_ROL_APL_R_ROL 
 FOREIGN KEY (ROL_ID) 
 REFERENCES CORRESPONDENCIA.ROL (ROL_ID));

ALTER TABLE CORRESPONDENCIA.ROL_USUARIO ADD (
  CONSTRAINT FK_ROL_USUA_ROL_USU_R_ROL 
 FOREIGN KEY (ROL_ID) 
 REFERENCES CORRESPONDENCIA.ROL (ROL_ID),
  CONSTRAINT FK_ROL_USUA_ROL_USU_U_VISTA_US 
 FOREIGN KEY (US_CODIGO) 
 REFERENCES CORRESPONDENCIA."vista_usuario" ("us_codigo"));

ALTER TABLE CORRESPONDENCIA.SALUDO ADD (
  CONSTRAINT FK_SALUDO_SAL_CAR_I_CARTA 
 FOREIGN KEY (CTR_ID) 
 REFERENCES CORRESPONDENCIA.CARTA (CTR_ID));

ALTER TABLE CORRESPONDENCIA.CARTA_FIRMA ADD (
  CONSTRAINT FK_CARTA_FI_CAR_FIR_C_CARTA 
 FOREIGN KEY (CTR_ID) 
 REFERENCES CORRESPONDENCIA.CARTA (CTR_ID),
  CONSTRAINT FK_CARTA_FI_CAR_FIR_E_EMPLEADO 
 FOREIGN KEY (EPL_ID) 
 REFERENCES CORRESPONDENCIA.EMPLEADO (EPL_ID));



Insert into APLICACION
   (APL_ID, APL_DESCRIPCION)
 Values
   (1, 'parametros:index');
Insert into APLICACION
   (APL_ID, APL_DESCRIPCION)
 Values
   (2, 'application:login');
Insert into APLICACION
   (APL_ID, APL_DESCRIPCION)
 Values
   (3, 'empresas:empresas');
Insert into APLICACION
   (APL_ID, APL_DESCRIPCION)
 Values
   (4, 'application:index');
Insert into APLICACION
   (APL_ID, APL_DESCRIPCION)
 Values
   (5, 'application:error');
Insert into APLICACION
   (APL_ID, APL_DESCRIPCION)
 Values
   (6, 'contactos:index');
Insert into APLICACION
   (APL_ID, APL_DESCRIPCION)
 Values
   (7, 'cartas:cartas');
Insert into APLICACION
   (APL_ID, APL_DESCRIPCION)
 Values
   (8, 'parametros:pais');
Insert into APLICACION
   (APL_ID, APL_DESCRIPCION)
 Values
   (9, 'parametros:estado');
Insert into APLICACION
   (APL_ID, APL_DESCRIPCION)
 Values
   (10, 'parametros:ciudad');
Insert into APLICACION
   (APL_ID, APL_DESCRIPCION)
 Values
   (11, 'usuarios:usuarios');
Insert into APLICACION
   (APL_ID, APL_DESCRIPCION)
 Values
   (12, 'usuarios:roles');
Insert into APLICACION
   (APL_ID, APL_DESCRIPCION)
 Values
   (13, 'cartas:recepcion');
COMMIT;

Insert into CARGO
   (CAR_ID, CAR_DESCRIPCION_ES, CAR_DESCRIPCION_EN)
 Values
   (1, 'PRESIDENTE', 'PRESIDENT');
COMMIT;

Insert into CARTA
   (CTR_ID, PRO_ID, EMP_INT_ID, US_CODIGO, TIP_CAR_ID, 
    CTR_IDIOMA, CTR_FECHA_CREACION, CTR_CODIGO_FINAL, CTR_FECHA_ACTUALIZACION, CTR_REFERENCIA, 
    CTR_SALUDO, CTR_DESPEDIDA, CTR_TIPO, CTR_ESTADO, CTR_CUERPO)
 Values
   (32, 1, 1, 'manucv', 1, 
    'I', TO_DATE('05/20/2014 00:00:00', 'MM/DD/YYYY HH24:MI:SS'), 'AZ-ADM-2014-32', TO_DATE('05/20/2014 00:00:00', 'MM/DD/YYYY HH24:MI:SS'), 'referencia del duplicado', 
    'saludo del duplicado', 'despedida del duplicado', 'P', 'A', 'Cuerpo del duplicado');
Insert into CARTA
   (CTR_ID, PRO_ID, EMP_INT_ID, US_CODIGO, TIP_CAR_ID, 
    CTR_IDIOMA, CTR_FECHA_CREACION, CTR_CODIGO_FINAL, CTR_FECHA_ACTUALIZACION, CTR_REFERENCIA, 
    CTR_SALUDO, CTR_DESPEDIDA, CTR_TIPO, CTR_ESTADO, CTR_CUERPO)
 Values
   (28, 1, 1, 'manucv', 1, 
    'E', TO_DATE('05/15/2014 00:00:00', 'MM/DD/YYYY HH24:MI:SS'), 'ADM-28', TO_DATE('05/15/2014 00:00:00', 'MM/DD/YYYY HH24:MI:SS'), '1004, Proy. 16 - Planificacion & Control', 
    'De mi consideración, ', 'Atentamente,', 'P', 'A', 'prueba de cuerpo de mensaje');
Insert into CARTA
   (CTR_ID, PRO_ID, EMP_INT_ID, US_CODIGO, TIP_CAR_ID, 
    CTR_IDIOMA, CTR_FECHA_CREACION, CTR_CODIGO_FINAL, CTR_FECHA_ACTUALIZACION, CTR_REFERENCIA, 
    CTR_SALUDO, CTR_DESPEDIDA, CTR_TIPO, CTR_ESTADO, CTR_CUERPO)
 Values
   (29, 1, 1, 'manucv', 2, 
    'I', TO_DATE('05/15/2014 00:00:00', 'MM/DD/YYYY HH24:MI:SS'), 'ADM-29', TO_DATE('05/15/2014 00:00:00', 'MM/DD/YYYY HH24:MI:SS'), '1004, Proy. 16 - Planificacion & Control', 
    'De mi consideración, ', 'Atentamente,', 'P', 'A', 'prueba de cuerpo de mensaje');
Insert into CARTA
   (CTR_ID, PRO_ID, EMP_INT_ID, US_CODIGO, TIP_CAR_ID, 
    CTR_IDIOMA, CTR_FECHA_CREACION, CTR_CODIGO_FINAL, CTR_FECHA_ACTUALIZACION, CTR_REFERENCIA, 
    CTR_SALUDO, CTR_DESPEDIDA, CTR_TIPO, CTR_ESTADO, CTR_CUERPO)
 Values
   (30, 1, 1, 'manucv', 1, 
    'E', TO_DATE('05/15/2014 00:00:00', 'MM/DD/YYYY HH24:MI:SS'), 'AZ - ADM - 2014-30', TO_DATE('05/15/2014 00:00:00', 'MM/DD/YYYY HH24:MI:SS'), 'referencaia 1', 
    'saludos 1', 'despedida 1', 'P', 'A', 'cuerpo 1');
Insert into CARTA
   (CTR_ID, PRO_ID, EMP_INT_ID, US_CODIGO, TIP_CAR_ID, 
    CTR_IDIOMA, CTR_FECHA_CREACION, CTR_CODIGO_FINAL, CTR_FECHA_ACTUALIZACION, CTR_REFERENCIA, 
    CTR_SALUDO, CTR_DESPEDIDA, CTR_TIPO, CTR_ESTADO, CTR_CUERPO)
 Values
   (31, 1, 1, 'manucv', 1, 
    'I', TO_DATE('05/15/2014 00:00:00', 'MM/DD/YYYY HH24:MI:SS'), 'AZ-ADM-2014-31', TO_DATE('05/15/2014 00:00:00', 'MM/DD/YYYY HH24:MI:SS'), 'adfsafdsa', 
    'adsfafds', 'adfasdf', 'P', 'A', 'adsfasdf');
Insert into CARTA
   (CTR_ID, PRO_ID, EMP_INT_ID, US_CODIGO, TIP_CAR_ID, 
    CTR_IDIOMA, CTR_FECHA_CREACION, CTR_CODIGO_FINAL, CTR_FECHA_ACTUALIZACION, CTR_REFERENCIA, 
    CTR_SALUDO, CTR_DESPEDIDA, CTR_TIPO, CTR_ESTADO, CTR_CUERPO)
 Values
   (33, 1, 1, 'manucv', 2, 
    'I', TO_DATE('05/21/2014 00:00:00', 'MM/DD/YYYY HH24:MI:SS'), 'AZ-ADM-2014-33', TO_DATE('05/21/2014 00:00:00', 'MM/DD/YYYY HH24:MI:SS'), '1004, Proy. 16 - Planificacion & Control', 
    'De mi consideración, ', 'Atentamente,', 'P', 'A', 'prueba de cuerpo de mensaje');
Insert into CARTA
   (CTR_ID, PRO_ID, EMP_INT_ID, US_CODIGO, TIP_CAR_ID, 
    CTR_IDIOMA, CTR_FECHA_CREACION, CTR_CODIGO_FINAL, CTR_FECHA_ACTUALIZACION, CTR_REFERENCIA, 
    CTR_SALUDO, CTR_DESPEDIDA, CTR_TIPO, CTR_ESTADO, CTR_CUERPO)
 Values
   (34, 1, 1, 'manucv', 1, 
    'I', TO_DATE('05/21/2014 00:00:00', 'MM/DD/YYYY HH24:MI:SS'), NULL, TO_DATE('05/21/2014 00:00:00', 'MM/DD/YYYY HH24:MI:SS'), 'referencia del duplicado', 
    'saludo del duplicado', 'despedida del duplicado', 'B', 'A', 'Cuerpo del duplicado');
Insert into CARTA
   (CTR_ID, PRO_ID, EMP_INT_ID, US_CODIGO, TIP_CAR_ID, 
    CTR_IDIOMA, CTR_FECHA_CREACION, CTR_CODIGO_FINAL, CTR_FECHA_ACTUALIZACION, CTR_REFERENCIA, 
    CTR_SALUDO, CTR_DESPEDIDA, CTR_TIPO, CTR_ESTADO, CTR_CUERPO)
 Values
   (43, 1, 1, 'manucv', 3, 
    'E', TO_DATE('05/21/2014 00:00:00', 'MM/DD/YYYY HH24:MI:SS'), NULL, TO_DATE('05/21/2014 00:00:00', 'MM/DD/YYYY HH24:MI:SS'), 'Referencia 200', 
    'Referencia 200', 'Referencia 200', 'B', 'A', 'Referencia 200');
Insert into CARTA
   (CTR_ID, PRO_ID, EMP_INT_ID, US_CODIGO, TIP_CAR_ID, 
    CTR_IDIOMA, CTR_FECHA_CREACION, CTR_CODIGO_FINAL, CTR_FECHA_ACTUALIZACION, CTR_REFERENCIA, 
    CTR_SALUDO, CTR_DESPEDIDA, CTR_TIPO, CTR_ESTADO, CTR_CUERPO)
 Values
   (41, 1, 1, 'manucv', 1, 
    'I', TO_DATE('05/21/2014 00:00:00', 'MM/DD/YYYY HH24:MI:SS'), NULL, TO_DATE('05/21/2014 00:00:00', 'MM/DD/YYYY HH24:MI:SS'), 'adfsafdsa', 
    'adsfafds', 'adfasdf', 'B', 'A', 'adsfasdf');
Insert into CARTA
   (CTR_ID, PRO_ID, EMP_INT_ID, US_CODIGO, TIP_CAR_ID, 
    CTR_IDIOMA, CTR_FECHA_CREACION, CTR_CODIGO_FINAL, CTR_FECHA_ACTUALIZACION, CTR_REFERENCIA, 
    CTR_SALUDO, CTR_DESPEDIDA, CTR_TIPO, CTR_ESTADO, CTR_CUERPO)
 Values
   (42, 1, 1, 'manucv', 3, 
    'E', TO_DATE('05/21/2014 00:00:00', 'MM/DD/YYYY HH24:MI:SS'), NULL, TO_DATE('05/21/2014 00:00:00', 'MM/DD/YYYY HH24:MI:SS'), 'Referencia 100', 
    'Referencia 100', 'Referencia 100', 'B', 'A', 'Referencia 100');
Insert into CARTA
   (CTR_ID, PRO_ID, EMP_INT_ID, US_CODIGO, TIP_CAR_ID, 
    CTR_IDIOMA, CTR_FECHA_CREACION, CTR_CODIGO_FINAL, CTR_FECHA_ACTUALIZACION, CTR_REFERENCIA, 
    CTR_SALUDO, CTR_DESPEDIDA, CTR_TIPO, CTR_ESTADO, CTR_CUERPO)
 Values
   (44, 1, 1, 'manucv', 1, 
    'I', TO_DATE('05/21/2014 00:00:00', 'MM/DD/YYYY HH24:MI:SS'), NULL, TO_DATE('05/21/2014 00:00:00', 'MM/DD/YYYY HH24:MI:SS'), 'adfsafdsa', 
    'adsfafds', 'adfasdf', 'B', 'A', 'adsfasdf');
COMMIT;

Insert into CARTA_DESTINATARIO
   (CTR_ID, CON_ID, CAR_DES_PRINCIPAL)
 Values
   (32, 3, 'N');
Insert into CARTA_DESTINATARIO
   (CTR_ID, CON_ID, CAR_DES_PRINCIPAL)
 Values
   (29, 3, 'N');
Insert into CARTA_DESTINATARIO
   (CTR_ID, CON_ID, CAR_DES_PRINCIPAL)
 Values
   (28, 2, 'N');
Insert into CARTA_DESTINATARIO
   (CTR_ID, CON_ID, CAR_DES_PRINCIPAL)
 Values
   (31, 3, 'N');
Insert into CARTA_DESTINATARIO
   (CTR_ID, CON_ID, CAR_DES_PRINCIPAL)
 Values
   (30, 2, 'N');
Insert into CARTA_DESTINATARIO
   (CTR_ID, CON_ID, CAR_DES_PRINCIPAL)
 Values
   (33, 3, 'N');
Insert into CARTA_DESTINATARIO
   (CTR_ID, CON_ID, CAR_DES_PRINCIPAL)
 Values
   (34, 3, 'S');
Insert into CARTA_DESTINATARIO
   (CTR_ID, CON_ID, CAR_DES_PRINCIPAL)
 Values
   (41, 3, 'N');
Insert into CARTA_DESTINATARIO
   (CTR_ID, CON_ID, CAR_DES_PRINCIPAL)
 Values
   (42, 2, 'S');
Insert into CARTA_DESTINATARIO
   (CTR_ID, CON_ID, CAR_DES_PRINCIPAL)
 Values
   (43, 3, 'S');
Insert into CARTA_DESTINATARIO
   (CTR_ID, CON_ID, CAR_DES_PRINCIPAL)
 Values
   (44, 3, 'N');
COMMIT;

Insert into CARTA_FIRMA
   (CAR_FIR_ID, CTR_ID, EPL_ID, CAR_FIR_TIPO)
 Values
   (37, 29, 1, NULL);
Insert into CARTA_FIRMA
   (CAR_FIR_ID, CTR_ID, EPL_ID, CAR_FIR_TIPO)
 Values
   (38, 29, 1, NULL);
Insert into CARTA_FIRMA
   (CAR_FIR_ID, CTR_ID, EPL_ID, CAR_FIR_TIPO)
 Values
   (47, 32, 1, NULL);
Insert into CARTA_FIRMA
   (CAR_FIR_ID, CTR_ID, EPL_ID, CAR_FIR_TIPO)
 Values
   (48, 32, 1, NULL);
Insert into CARTA_FIRMA
   (CAR_FIR_ID, CTR_ID, EPL_ID, CAR_FIR_TIPO)
 Values
   (41, 30, 1, NULL);
Insert into CARTA_FIRMA
   (CAR_FIR_ID, CTR_ID, EPL_ID, CAR_FIR_TIPO)
 Values
   (42, 30, 1, NULL);
Insert into CARTA_FIRMA
   (CAR_FIR_ID, CTR_ID, EPL_ID, CAR_FIR_TIPO)
 Values
   (39, 28, 1, NULL);
Insert into CARTA_FIRMA
   (CAR_FIR_ID, CTR_ID, EPL_ID, CAR_FIR_TIPO)
 Values
   (40, 28, 1, NULL);
Insert into CARTA_FIRMA
   (CAR_FIR_ID, CTR_ID, EPL_ID, CAR_FIR_TIPO)
 Values
   (43, 31, 1, NULL);
Insert into CARTA_FIRMA
   (CAR_FIR_ID, CTR_ID, EPL_ID, CAR_FIR_TIPO)
 Values
   (44, 31, 1, NULL);
Insert into CARTA_FIRMA
   (CAR_FIR_ID, CTR_ID, EPL_ID, CAR_FIR_TIPO)
 Values
   (49, 33, 1, NULL);
Insert into CARTA_FIRMA
   (CAR_FIR_ID, CTR_ID, EPL_ID, CAR_FIR_TIPO)
 Values
   (50, 33, 1, NULL);
Insert into CARTA_FIRMA
   (CAR_FIR_ID, CTR_ID, EPL_ID, CAR_FIR_TIPO)
 Values
   (51, 34, 1, NULL);
Insert into CARTA_FIRMA
   (CAR_FIR_ID, CTR_ID, EPL_ID, CAR_FIR_TIPO)
 Values
   (52, 34, 1, NULL);
Insert into CARTA_FIRMA
   (CAR_FIR_ID, CTR_ID, EPL_ID, CAR_FIR_TIPO)
 Values
   (61, 41, 1, NULL);
Insert into CARTA_FIRMA
   (CAR_FIR_ID, CTR_ID, EPL_ID, CAR_FIR_TIPO)
 Values
   (62, 41, 1, NULL);
Insert into CARTA_FIRMA
   (CAR_FIR_ID, CTR_ID, EPL_ID, CAR_FIR_TIPO)
 Values
   (63, 42, 1, NULL);
Insert into CARTA_FIRMA
   (CAR_FIR_ID, CTR_ID, EPL_ID, CAR_FIR_TIPO)
 Values
   (64, 42, 1, NULL);
Insert into CARTA_FIRMA
   (CAR_FIR_ID, CTR_ID, EPL_ID, CAR_FIR_TIPO)
 Values
   (80, 43, 1, 'P');
Insert into CARTA_FIRMA
   (CAR_FIR_ID, CTR_ID, EPL_ID, CAR_FIR_TIPO)
 Values
   (82, 44, 1, NULL);
Insert into CARTA_FIRMA
   (CAR_FIR_ID, CTR_ID, EPL_ID, CAR_FIR_TIPO)
 Values
   (81, 44, 1, NULL);
COMMIT;

Insert into CATEGORIA_EMPRESA
   (CAT_EMP_ID, CAT_EMP_DESCRIPCION)
 Values
   (1, 'Informatica');
COMMIT;

Insert into CIUDAD
   (CIU_ID, EST_ID, CIU_NOMBRE, CIU_CODIGO_TELEFONO)
 Values
   (1, 1, 'Quito', '02');
Insert into CIUDAD
   (CIU_ID, EST_ID, CIU_NOMBRE, CIU_CODIGO_TELEFONO)
 Values
   (2, 1, 'Sangolqui', '02');
Insert into CIUDAD
   (CIU_ID, EST_ID, CIU_NOMBRE, CIU_CODIGO_TELEFONO)
 Values
   (3, 2, 'Guayaquil', '04');
Insert into CIUDAD
   (CIU_ID, EST_ID, CIU_NOMBRE, CIU_CODIGO_TELEFONO)
 Values
   (4, 3, 'Santiago', '02');
Insert into CIUDAD
   (CIU_ID, EST_ID, CIU_NOMBRE, CIU_CODIGO_TELEFONO)
 Values
   (6, 4, 'Viña del mar', '11');
COMMIT;

Insert into CONTACTO
   (CON_ID, CIU_ID, CON_NOMBRE, CON_APELLIDO, CON_EMAIL, 
    CON_USUARIO, CON_FECHA_ACTUALIZACION, CON_PRIVADO, CON_FECHA_NACIMIENTO_PERSONAL, CON_DIRECCION_DOMICILIO_PER, 
    CON_EMAIL_PERSONAL, CON_CODIGO_PAIS, CON_CODIGO_CIUDAD, CON_TELEFONO_DOMICILIO_PER, CON_CELULAR_PERSONAL, 
    CON_OBSERVACIONES, EMP_ID, CON_DESCRIPCION_ES, CON_DESCRIPCION_EN, CON_TIP_PER_ES, 
    CON_TIP_PER_EN, CON_DIRECCION, CON_SECRETARIA, CON_SECRETARIA_TELEFONO, CON_ESTADO, 
    CON_OBSERVACIONES_PRIVADO)
 Values
   (3, 2, 'Carlos', 'Regalado', 'caregalado@hawaslutions.com', 
    'manucv', TO_DATE('05/12/2014 00:00:00', 'MM/DD/YYYY HH24:MI:SS'), 'N', TO_DATE('04/26/1986 00:00:00', 'MM/DD/YYYY HH24:MI:SS'), NULL, 
    NULL, NULL, NULL, NULL, NULL, 
    NULL, 1, 'Gerente General', 'CEO', 'Sr.', 
    'Mr.', 'El tiempo y el comercio', NULL, NULL, 'A', 
    NULL);
Insert into CONTACTO
   (CON_ID, CIU_ID, CON_NOMBRE, CON_APELLIDO, CON_EMAIL, 
    CON_USUARIO, CON_FECHA_ACTUALIZACION, CON_PRIVADO, CON_FECHA_NACIMIENTO_PERSONAL, CON_DIRECCION_DOMICILIO_PER, 
    CON_EMAIL_PERSONAL, CON_CODIGO_PAIS, CON_CODIGO_CIUDAD, CON_TELEFONO_DOMICILIO_PER, CON_CELULAR_PERSONAL, 
    CON_OBSERVACIONES, EMP_ID, CON_DESCRIPCION_ES, CON_DESCRIPCION_EN, CON_TIP_PER_ES, 
    CON_TIP_PER_EN, CON_DIRECCION, CON_SECRETARIA, CON_SECRETARIA_TELEFONO, CON_ESTADO, 
    CON_OBSERVACIONES_PRIVADO)
 Values
   (2, 1, 'Emanuel1', 'Carrasco1', 'ercarrasco@hawasolutions.com', 
    'manucv', TO_DATE('05/18/2014 00:00:00', 'MM/DD/YYYY HH24:MI:SS'), 'N', TO_DATE('04/26/1986 00:00:00', 'MM/DD/YYYY HH24:MI:SS'), 'Estocolmo y amazonas', 
    'emanuelcarrasco@gmail.com', '593', '02', '2811136', '0995661449', 
    NULL, 2, 'Presidente', 'President', 'Sr.', 
    'Mr.', 'El tiempo y el comercio', 'Andrea Yanez', NULL, 'I', 
    'observaciones privado');
COMMIT;





Insert into EMPLEADO
   (EPL_ID, EMP_INT_ID, EPL_NOMBRE, EPL_APELLIDO, EPL_CARGO)
 Values
   (2, 1, 'Pablo', 'Krovina', 'Director de TI');
Insert into EMPLEADO
   (EPL_ID, EMP_INT_ID, EPL_NOMBRE, EPL_APELLIDO, EPL_CARGO)
 Values
   (1, 1, 'JOSE LUIS', 'RODRIGUEZ', 'Jefe de desarrollo');
COMMIT;

Insert into EMPRESA
   (EMP_ID, CAT_EMP_ID, CIU_ID, EMP_EMP_ID, EMP_NOMBRE, 
    EMP_DIRECCION, EMP_REFERENCIA, EMP_SECTOR, EMP_EMAIL, EMP_PAGINA_WEB, 
    EMP_FECHA_ACTUALIZACION, EMP_USUARIO, EMP_DOCUMENTO, EMP_ESTADO)
 Values
   (3, 1, 2, 1, 'Sucursal 2', 
    'Guayquil', 'Guayaquil', 'Samborondon', 'info@mail.com', 'http://www.hawasolutions.com', 
    TO_DATE('05/12/2014 00:00:00', 'MM/DD/YYYY HH24:MI:SS'), 'manucv', '1792308100001', NULL);
Insert into EMPRESA
   (EMP_ID, CAT_EMP_ID, CIU_ID, EMP_EMP_ID, EMP_NOMBRE, 
    EMP_DIRECCION, EMP_REFERENCIA, EMP_SECTOR, EMP_EMAIL, EMP_PAGINA_WEB, 
    EMP_FECHA_ACTUALIZACION, EMP_USUARIO, EMP_DOCUMENTO, EMP_ESTADO)
 Values
   (1, 1, 1, NULL, 'Hawa Solutions', 
    'El tiempo y el comercio', 'Edificio Fray Gerundio', 'Quicentro norte', 'info@mail.com', 'http://www.hawasolutions.com', 
    TO_DATE('05/07/2014 00:00:00', 'MM/DD/YYYY HH24:MI:SS'), '1', '1792308100001', NULL);
Insert into EMPRESA
   (EMP_ID, CAT_EMP_ID, CIU_ID, EMP_EMP_ID, EMP_NOMBRE, 
    EMP_DIRECCION, EMP_REFERENCIA, EMP_SECTOR, EMP_EMAIL, EMP_PAGINA_WEB, 
    EMP_FECHA_ACTUALIZACION, EMP_USUARIO, EMP_DOCUMENTO, EMP_ESTADO)
 Values
   (2, 1, 1, 1, 'Sucursal 1', 
    'Amazonas y Estocolmo', 'Iglesia el carmelo', 'El Labrador', 'info@mail.com', 'http://www.hawasolutions.com', 
    TO_DATE('05/07/2014 00:00:00', 'MM/DD/YYYY HH24:MI:SS'), 'manucv', '1792308100001', NULL);
COMMIT;

Insert into EMPRESA_INTERNA
   (EMP_INT_ID, EMP_INT_ABREVIACION, EMP_INT_NOMBRE)
 Values
   (1, 'AZ', 'AZUL');
COMMIT;

Insert into ESTADO
   (EST_ID, PAI_ID, EST_NOMBRE)
 Values
   (1, 1, 'Pichincha');
Insert into ESTADO
   (EST_ID, PAI_ID, EST_NOMBRE)
 Values
   (2, 1, 'Guayas');
Insert into ESTADO
   (EST_ID, PAI_ID, EST_NOMBRE)
 Values
   (3, 2, 'Region Metropolitana');
Insert into ESTADO
   (EST_ID, PAI_ID, EST_NOMBRE)
 Values
   (4, 2, 'Valparaiso');
COMMIT;


Insert into OBRA
   (OBR_ID, PRO_ID, OBR_DESCRIPCION)
 Values
   (1, 1, 'OBRA 1');
COMMIT;

Insert into PAIS
   (PAI_ID, PAI_NOMBRE, PAI_CODIGO_TELEFONO)
 Values
   (3, 'Peru', '16');
Insert into PAIS
   (PAI_ID, PAI_NOMBRE, PAI_CODIGO_TELEFONO)
 Values
   (4, 'Argentina', '10');
Insert into PAIS
   (PAI_ID, PAI_NOMBRE, PAI_CODIGO_TELEFONO)
 Values
   (1, 'Ecuador', '593');
Insert into PAIS
   (PAI_ID, PAI_NOMBRE, PAI_CODIGO_TELEFONO)
 Values
   (2, 'Chile', '56');
COMMIT;

Insert into ROL
   (ROL_ID, ROL_DESCRIPCION, ROL_ESTADO)
 Values
   (1, 'ADMINISTRACION', NULL);
Insert into ROL
   (ROL_ID, ROL_DESCRIPCION, ROL_ESTADO)
 Values
   (2, 'GERENCIAL', NULL);
Insert into ROL
   (ROL_ID, ROL_DESCRIPCION, ROL_ESTADO)
 Values
   (3, 'OPERACIONES', NULL);
COMMIT;

Insert into ROL_APLICACION
   (ROL_ID, APL_ID)
 Values
   (1, 1);
Insert into ROL_APLICACION
   (ROL_ID, APL_ID)
 Values
   (1, 2);
Insert into ROL_APLICACION
   (ROL_ID, APL_ID)
 Values
   (1, 3);
Insert into ROL_APLICACION
   (ROL_ID, APL_ID)
 Values
   (1, 4);
Insert into ROL_APLICACION
   (ROL_ID, APL_ID)
 Values
   (1, 5);
Insert into ROL_APLICACION
   (ROL_ID, APL_ID)
 Values
   (1, 6);
Insert into ROL_APLICACION
   (ROL_ID, APL_ID)
 Values
   (1, 7);
Insert into ROL_APLICACION
   (ROL_ID, APL_ID)
 Values
   (1, 8);
Insert into ROL_APLICACION
   (ROL_ID, APL_ID)
 Values
   (1, 9);
Insert into ROL_APLICACION
   (ROL_ID, APL_ID)
 Values
   (1, 10);
Insert into ROL_APLICACION
   (ROL_ID, APL_ID)
 Values
   (1, 11);
Insert into ROL_APLICACION
   (ROL_ID, APL_ID)
 Values
   (1, 12);
Insert into ROL_APLICACION
   (ROL_ID, APL_ID)
 Values
   (1, 13);
COMMIT;

Insert into ROL_USUARIO
   (ROL_ID, US_CODIGO)
 Values
   (1, 'manucv');
COMMIT;


Insert into TIPO_CARTA
   (TIP_CAR_ID, TIP_CAR_DESCRIPCION)
 Values
   (2, 'CARTA INFORMAL');
Insert into TIPO_CARTA
   (TIP_CAR_ID, TIP_CAR_DESCRIPCION)
 Values
   (3, 'CARTA FAX');
Insert into TIPO_CARTA
   (TIP_CAR_ID, TIP_CAR_DESCRIPCION)
 Values
   (4, 'TRANSACCION BANCARIA');
Insert into TIPO_CARTA
   (TIP_CAR_ID, TIP_CAR_DESCRIPCION)
 Values
   (1, 'CARTA FORMAL');
COMMIT;




Insert into "USER"
   (USER_ID, USERNAME, EMAIL, DISPLAY_NAME, PASSWORD, 
    STATE)
 Values
   (1, 'manucv', 'emanuelcarrasco@gmail.com', 'Emanuel Carrasco', 'manucv', 
    1);
COMMIT;

Insert into "vista_usuario"
   ("us_codigo", "us_clave", "us_nombre")
 Values
   ('manucv', 'f1e96a696a819d313134e23a2aae38f9', 'Emanuel Carrasco V.');
COMMIT;

Insert into VW_PROYECTO
   (P_CODIGO, P_NOMBRE)
 Values
   (1, 'PROYECTO 1');
COMMIT;

