INSERT INTO APLICACION ( APL_ID, APL_DESCRIPCION ) VALUES ( 
1, 'parametros:index'); 
INSERT INTO APLICACION ( APL_ID, APL_DESCRIPCION ) VALUES ( 
2, 'application:login'); 
INSERT INTO APLICACION ( APL_ID, APL_DESCRIPCION ) VALUES ( 
3, 'empresas:empresas'); 
INSERT INTO APLICACION ( APL_ID, APL_DESCRIPCION ) VALUES ( 
4, 'application:index'); 
INSERT INTO APLICACION ( APL_ID, APL_DESCRIPCION ) VALUES ( 
5, 'application:error'); 
INSERT INTO APLICACION ( APL_ID, APL_DESCRIPCION ) VALUES ( 
6, 'contactos:index'); 
INSERT INTO APLICACION ( APL_ID, APL_DESCRIPCION ) VALUES ( 
7, 'cartas:cartas'); 
INSERT INTO APLICACION ( APL_ID, APL_DESCRIPCION ) VALUES ( 
8, 'parametros:pais'); 
INSERT INTO APLICACION ( APL_ID, APL_DESCRIPCION ) VALUES ( 
9, 'parametros:estado'); 
INSERT INTO APLICACION ( APL_ID, APL_DESCRIPCION ) VALUES ( 
10, 'parametros:ciudad'); 
INSERT INTO APLICACION ( APL_ID, APL_DESCRIPCION ) VALUES ( 
11, 'usuarios:usuarios'); 
INSERT INTO APLICACION ( APL_ID, APL_DESCRIPCION ) VALUES ( 
12, 'usuarios:roles'); 
INSERT INTO APLICACION ( APL_ID, APL_DESCRIPCION ) VALUES ( 
13, 'cartas:recepcion'); 
commit;
 
INSERT INTO CARGO ( CAR_ID, CAR_DESCRIPCION_ES, CAR_DESCRIPCION_EN ) VALUES ( 
1, 'PRESIDENTE', 'PRESIDENT'); 
commit;
 
INSERT INTO CARTA ( CTR_ID, PRO_ID, EMP_INT_ID, US_CODIGO, TIP_CAR_ID, CTR_IDIOMA,
CTR_FECHA_CREACION, CTR_CODIGO_FINAL, CTR_FECHA_ACTUALIZACION, CTR_REFERENCIA, CTR_SALUDO,
CTR_DESPEDIDA, CTR_TIPO, CTR_ESTADO, CTR_CUERPO, CTR_ACTIVAR_DIRECCION ) VALUES ( 
82, 1, 1, 'manucv', 5, 'E',  TO_Date( '05/27/2014 12:00:00 AM', 'MM/DD/YYYY HH:MI:SS AM')
, NULL,  TO_Date( '05/27/2014 12:00:00 AM', 'MM/DD/YYYY HH:MI:SS AM'), 'Referencia carta 1'
, 'Estimado,', 'Saludos Cordiales', 'B', 'A', 'Este es el cuerpo de la carta 1. Referente a una carta FORMAL.'
, 'C'); 
commit;
 
INSERT INTO CARTA_DESTINATARIO ( CTR_ID, CON_ID, CAR_DES_PRINCIPAL ) VALUES ( 
82, 3, 'S'); 
commit;
 
INSERT INTO CARTA_FIRMA ( CAR_FIR_ID, CTR_ID, EPL_ID, CAR_FIR_TIPO ) VALUES ( 
178, 82, 1, 'P'); 
INSERT INTO CARTA_FIRMA ( CAR_FIR_ID, CTR_ID, EPL_ID, CAR_FIR_TIPO ) VALUES ( 
179, 82, 2, 'S'); 
commit;
 
INSERT INTO CATEGORIA_EMPRESA ( CAT_EMP_ID, CAT_EMP_DESCRIPCION ) VALUES ( 
1, 'Informatica'); 
commit;
 
INSERT INTO CIUDAD ( CIU_ID, EST_ID, CIU_NOMBRE, CIU_CODIGO_TELEFONO ) VALUES ( 
1, 1, 'Quito', '02'); 
INSERT INTO CIUDAD ( CIU_ID, EST_ID, CIU_NOMBRE, CIU_CODIGO_TELEFONO ) VALUES ( 
2, 1, 'Sangolqui', '02'); 
INSERT INTO CIUDAD ( CIU_ID, EST_ID, CIU_NOMBRE, CIU_CODIGO_TELEFONO ) VALUES ( 
3, 2, 'Guayaquil', '04'); 
INSERT INTO CIUDAD ( CIU_ID, EST_ID, CIU_NOMBRE, CIU_CODIGO_TELEFONO ) VALUES ( 
4, 3, 'Santiago', '02'); 
INSERT INTO CIUDAD ( CIU_ID, EST_ID, CIU_NOMBRE, CIU_CODIGO_TELEFONO ) VALUES ( 
6, 4, 'Viña del mar', '11'); 
commit;
 
INSERT INTO CONTACTO ( CON_ID, CIU_ID, CON_NOMBRE, CON_APELLIDO, CON_EMAIL, CON_USUARIO,
CON_FECHA_ACTUALIZACION, CON_PRIVADO, CON_FECHA_NACIMIENTO_PERSONAL, CON_DIRECCION_DOMICILIO_PER,
CON_EMAIL_PERSONAL, CON_CODIGO_PAIS, CON_CODIGO_CIUDAD, CON_TELEFONO_DOMICILIO_PER,
CON_CELULAR_PERSONAL, CON_OBSERVACIONES, EMP_ID, CON_DESCRIPCION_ES, CON_DESCRIPCION_EN,
CON_TIP_PER_ES, CON_TIP_PER_EN, CON_DIRECCION, CON_SECRETARIA, CON_SECRETARIA_TELEFONO, CON_ESTADO,
CON_OBSERVACIONES_PRIVADO ) VALUES ( 
3, 2, 'Carlos', 'Regalado', 'caregalado@hawaslutions.com', 'manucv',  TO_Date( '05/12/2014 12:00:00 AM', 'MM/DD/YYYY HH:MI:SS AM')
, 'N',  TO_Date( '04/26/1986 12:00:00 AM', 'MM/DD/YYYY HH:MI:SS AM'), NULL, NULL, NULL
, NULL, NULL, NULL, NULL, 1, 'Gerente General', 'CEO', 'Sr.', 'Mr.', 'El tiempo y el comercio'
, NULL, NULL, 'A', NULL); 
INSERT INTO CONTACTO ( CON_ID, CIU_ID, CON_NOMBRE, CON_APELLIDO, CON_EMAIL, CON_USUARIO,
CON_FECHA_ACTUALIZACION, CON_PRIVADO, CON_FECHA_NACIMIENTO_PERSONAL, CON_DIRECCION_DOMICILIO_PER,
CON_EMAIL_PERSONAL, CON_CODIGO_PAIS, CON_CODIGO_CIUDAD, CON_TELEFONO_DOMICILIO_PER,
CON_CELULAR_PERSONAL, CON_OBSERVACIONES, EMP_ID, CON_DESCRIPCION_ES, CON_DESCRIPCION_EN,
CON_TIP_PER_ES, CON_TIP_PER_EN, CON_DIRECCION, CON_SECRETARIA, CON_SECRETARIA_TELEFONO, CON_ESTADO,
CON_OBSERVACIONES_PRIVADO ) VALUES ( 
2, 6, 'Emanuel1', 'Carrasco1', 'ercarrasco@hawasolutions.com', 'manucv',  TO_Date( '05/18/2014 12:00:00 AM', 'MM/DD/YYYY HH:MI:SS AM')
, 'N',  TO_Date( '04/26/1986 12:00:00 AM', 'MM/DD/YYYY HH:MI:SS AM'), 'Estocolmo y amazonas'
, 'emanuelcarrasco@gmail.com', '593', '02', '2811136', '0995661449', NULL, 2, 'Presidente'
, 'President', 'Sr.', 'Mr.', 'CUMBAYA', 'Andrea Yanez', NULL, 'I', 'observaciones privado'); 
commit;
 
INSERT INTO DETALLE_CONTACTO ( DET_CON_ID, EMP_ID, CON_ID, TIP_TEL_ID, DET_CON_CODIGO_PAIS,
DET_CON_CODIGO_CIUDAD, DET_CON_VALOR, DET_CON_EXTENSION ) VALUES ( 
1, NULL, 2, 1, '593', '2', '2811136', '24'); 
commit;
 
INSERT INTO EMPLEADO ( EPL_ID, EMP_INT_ID, EPL_NOMBRE, EPL_APELLIDO,
EPL_CARGO ) VALUES ( 
2, 1, 'Pablo', 'Krovina', 'Director de TI'); 
INSERT INTO EMPLEADO ( EPL_ID, EMP_INT_ID, EPL_NOMBRE, EPL_APELLIDO,
EPL_CARGO ) VALUES ( 
1, 1, 'JOSE LUIS', 'RODRIGUEZ', 'Jefe de desarrollo'); 
commit;
 
INSERT INTO EMPRESA ( EMP_ID, CAT_EMP_ID, CIU_ID, EMP_EMP_ID, EMP_NOMBRE, EMP_DIRECCION,
EMP_REFERENCIA, EMP_SECTOR, EMP_EMAIL, EMP_PAGINA_WEB, EMP_FECHA_ACTUALIZACION, EMP_USUARIO,
EMP_DOCUMENTO, EMP_ESTADO ) VALUES ( 
3, 1, 2, 1, 'Sucursal 2', 'Guayquil', 'Guayaquil', 'Samborondon', 'info@mail.com'
, 'http://www.hawasolutions.com',  TO_Date( '05/12/2014 12:00:00 AM', 'MM/DD/YYYY HH:MI:SS AM')
, 'manucv', '1792308100001', NULL); 
INSERT INTO EMPRESA ( EMP_ID, CAT_EMP_ID, CIU_ID, EMP_EMP_ID, EMP_NOMBRE, EMP_DIRECCION,
EMP_REFERENCIA, EMP_SECTOR, EMP_EMAIL, EMP_PAGINA_WEB, EMP_FECHA_ACTUALIZACION, EMP_USUARIO,
EMP_DOCUMENTO, EMP_ESTADO ) VALUES ( 
1, 1, 1, NULL, 'Hawa Solutions', 'El tiempo y el comercio', 'Edificio Fray Gerundio'
, 'Quicentro norte', 'info@mail.com', 'http://www.hawasolutions.com',  TO_Date( '05/07/2014 12:00:00 AM', 'MM/DD/YYYY HH:MI:SS AM')
, '1', '1792308100001', NULL); 
INSERT INTO EMPRESA ( EMP_ID, CAT_EMP_ID, CIU_ID, EMP_EMP_ID, EMP_NOMBRE, EMP_DIRECCION,
EMP_REFERENCIA, EMP_SECTOR, EMP_EMAIL, EMP_PAGINA_WEB, EMP_FECHA_ACTUALIZACION, EMP_USUARIO,
EMP_DOCUMENTO, EMP_ESTADO ) VALUES ( 
2, 1, 1, 1, 'Sucursal 1', 'Amazonas y Estocolmo', 'Iglesia el carmelo', 'El Labrador'
, 'info@mail.com', 'http://www.hawasolutions.com',  TO_Date( '05/07/2014 12:00:00 AM', 'MM/DD/YYYY HH:MI:SS AM')
, 'manucv', '1792308100001', NULL); 
commit;
 
INSERT INTO EMPRESA_INTERNA ( EMP_INT_ID, EMP_INT_ABREVIACION, EMP_INT_NOMBRE, EMP_INT_DIRECCION,
EMP_INT_CIUDAD, EMP_INT_PAIS, EMP_INT_PBX ) VALUES ( 
1, 'AZ', 'AZUL', 'Direccion empresa interna', 'Ambato', 'Ecuador', '(593 2) 281-1136 / 2411-755'); 
commit;
 
INSERT INTO ESTADO ( EST_ID, PAI_ID, EST_NOMBRE ) VALUES ( 
1, 1, 'Pichincha'); 
INSERT INTO ESTADO ( EST_ID, PAI_ID, EST_NOMBRE ) VALUES ( 
2, 1, 'Guayas'); 
INSERT INTO ESTADO ( EST_ID, PAI_ID, EST_NOMBRE ) VALUES ( 
3, 2, 'Region Metropolitana'); 
INSERT INTO ESTADO ( EST_ID, PAI_ID, EST_NOMBRE ) VALUES ( 
4, 2, 'Valparaiso'); 
commit;
 
INSERT INTO OBRA ( OBR_ID, PRO_ID, OBR_DESCRIPCION ) VALUES ( 
1, 1, 'OBRA 1'); 
commit;
 
INSERT INTO PAIS ( PAI_ID, PAI_NOMBRE, PAI_CODIGO_TELEFONO ) VALUES ( 
3, 'Peru', '16'); 
INSERT INTO PAIS ( PAI_ID, PAI_NOMBRE, PAI_CODIGO_TELEFONO ) VALUES ( 
4, 'Argentina', '10'); 
INSERT INTO PAIS ( PAI_ID, PAI_NOMBRE, PAI_CODIGO_TELEFONO ) VALUES ( 
1, 'Ecuador', '593'); 
INSERT INTO PAIS ( PAI_ID, PAI_NOMBRE, PAI_CODIGO_TELEFONO ) VALUES ( 
2, 'Chile', '56'); 
commit;
 
INSERT INTO ROL ( ROL_ID, ROL_DESCRIPCION, ROL_ESTADO ) VALUES ( 
1, 'ADMINISTRACION', NULL); 
INSERT INTO ROL ( ROL_ID, ROL_DESCRIPCION, ROL_ESTADO ) VALUES ( 
2, 'GERENCIAL', NULL); 
INSERT INTO ROL ( ROL_ID, ROL_DESCRIPCION, ROL_ESTADO ) VALUES ( 
3, 'OPERACIONES', NULL); 
commit;
 
INSERT INTO ROL_APLICACION ( ROL_ID, APL_ID ) VALUES ( 
1, 1); 
INSERT INTO ROL_APLICACION ( ROL_ID, APL_ID ) VALUES ( 
1, 2); 
INSERT INTO ROL_APLICACION ( ROL_ID, APL_ID ) VALUES ( 
1, 3); 
INSERT INTO ROL_APLICACION ( ROL_ID, APL_ID ) VALUES ( 
1, 4); 
INSERT INTO ROL_APLICACION ( ROL_ID, APL_ID ) VALUES ( 
1, 5); 
INSERT INTO ROL_APLICACION ( ROL_ID, APL_ID ) VALUES ( 
1, 6); 
INSERT INTO ROL_APLICACION ( ROL_ID, APL_ID ) VALUES ( 
1, 7); 
INSERT INTO ROL_APLICACION ( ROL_ID, APL_ID ) VALUES ( 
1, 8); 
INSERT INTO ROL_APLICACION ( ROL_ID, APL_ID ) VALUES ( 
1, 9); 
INSERT INTO ROL_APLICACION ( ROL_ID, APL_ID ) VALUES ( 
1, 10); 
INSERT INTO ROL_APLICACION ( ROL_ID, APL_ID ) VALUES ( 
1, 11); 
INSERT INTO ROL_APLICACION ( ROL_ID, APL_ID ) VALUES ( 
1, 12); 
INSERT INTO ROL_APLICACION ( ROL_ID, APL_ID ) VALUES ( 
1, 13); 
commit;
 
INSERT INTO ROL_USUARIO ( ROL_ID, US_CODIGO ) VALUES ( 
1, 'manucv'); 
commit;
 
INSERT INTO TIPO_CARTA ( TIP_CAR_ID, TIP_CAR_DESCRIPCION ) VALUES ( 
5, 'TRANSFERENCIA DE SUELDO'); 
INSERT INTO TIPO_CARTA ( TIP_CAR_ID, TIP_CAR_DESCRIPCION ) VALUES ( 
2, 'CARTA INFORMAL'); 
INSERT INTO TIPO_CARTA ( TIP_CAR_ID, TIP_CAR_DESCRIPCION ) VALUES ( 
3, 'CARTA FAX'); 
INSERT INTO TIPO_CARTA ( TIP_CAR_ID, TIP_CAR_DESCRIPCION ) VALUES ( 
4, 'TRANSACCION BANCARIA'); 
INSERT INTO TIPO_CARTA ( TIP_CAR_ID, TIP_CAR_DESCRIPCION ) VALUES ( 
1, 'CARTA FORMAL'); 
commit;
 
INSERT INTO TIPO_TELEFONO ( TIP_TEL_ID, TIP_TEL_DESCRIPCION ) VALUES ( 
1, 'PBX'); 
commit;
 
INSERT INTO TRANSACCION_BANCARIA ( TRA_BAN_ID, CTR_ID, TRA_BAN_BENEFICIARIO, TRA_BAN_DIRECCION,
TRA_BAN_CUENTA, TRA_BAN_VALOR, TRA_BAN_ABA, TRA_BAN_BANCO, TRA_BAN_BANCO_LINEA_DOS,
TRA_BAN_BANCO_DIRECCION, TRA_BAN_CC, TRA_BAN_DETALLE ) VALUES ( 
31, 82, 'Beneficiario', 'Direccion del Beneficiario', '1038228459', 2222, '100', 'Banco del Pacifico'
, 'Informacion Adicional', 'Direccion del banco pacifico', NULL, 'S'); 
commit;
 
INSERT INTO TRANSFERENCIA_SUELDO ( TRA_SUE_ID, CTR_ID, TRA_SUE_VALOR_DEBITO,
TRA_SUE_NUMERO_CREDITOS, TRA_SUE_VALOR_MAXIMO ) VALUES ( 
42, 82, 1000, 50, 20000); 
commit;
 
INSERT INTO "USER" ( USER_ID, USERNAME, EMAIL, DISPLAY_NAME, PASSWORD,
STATE ) VALUES ( 
1, 'manucv', 'emanuelcarrasco@gmail.com', 'Emanuel Carrasco', 'manucv', 1); 
commit;
 
INSERT INTO VW_PROYECTO ( P_CODIGO, P_NOMBRE ) VALUES ( 
1, 'PROYECTO 1'); 
commit;
 
INSERT INTO "vista_usuario" ( "us_codigo", "us_clave", "us_nombre" ) VALUES ( 
'manucv', 'f1e96a696a819d313134e23a2aae38f9', 'Emanuel Carrasco V.'); 
commit;
 
