
ALTER TABLE APLICACION
 DROP PRIMARY KEY CASCADE;
DROP TABLE APLICACION CASCADE CONSTRAINTS;

CREATE TABLE APLICACION
(
  APL_ID           NUMBER(3)                    NOT NULL,
  APL_DESCRIPCION  VARCHAR2(70 BYTE)            NOT NULL
);


ALTER TABLE CARGO
 DROP PRIMARY KEY CASCADE;
DROP TABLE CARGO CASCADE CONSTRAINTS;

CREATE TABLE CARGO
(
  CAR_ID              NUMBER(6)                 NOT NULL,
  CAR_DESCRIPCION_ES  VARCHAR2(80 BYTE)         NOT NULL,
  CAR_DESCRIPCION_EN  VARCHAR2(80 BYTE)         NOT NULL
);


ALTER TABLE CATEGORIA_EMPRESA
 DROP PRIMARY KEY CASCADE;
DROP TABLE CATEGORIA_EMPRESA CASCADE CONSTRAINTS;

CREATE TABLE CATEGORIA_EMPRESA
(
  CAT_EMP_ID           NUMBER(4)                NOT NULL,
  CAT_EMP_DESCRIPCION  VARCHAR2(100 BYTE)       NOT NULL
);


ALTER TABLE EMPRESA_INTERNA
 DROP PRIMARY KEY CASCADE;
DROP TABLE EMPRESA_INTERNA CASCADE CONSTRAINTS;

CREATE TABLE EMPRESA_INTERNA
(
  EMP_INT_ID           NUMBER(3)                NOT NULL,
  EMP_INT_ABREVIACION  VARCHAR2(3 BYTE)         NOT NULL,
  EMP_INT_NOMBRE       VARCHAR2(75 BYTE),
  EMP_INT_DIRECCION    VARCHAR2(150 BYTE),
  EMP_INT_CIUDAD       VARCHAR2(75 BYTE),
  EMP_INT_PAIS         VARCHAR2(100 BYTE),
  EMP_INT_PBX          VARCHAR2(75 BYTE)
);


ALTER TABLE PAIS
 DROP PRIMARY KEY CASCADE;
DROP TABLE PAIS CASCADE CONSTRAINTS;

CREATE TABLE PAIS
(
  PAI_ID               NUMBER(4)                NOT NULL,
  PAI_NOMBRE           VARCHAR2(120 BYTE)       NOT NULL,
  PAI_CODIGO_TELEFONO  VARCHAR2(5 BYTE)
);


ALTER TABLE ESTADO
 DROP PRIMARY KEY CASCADE;
DROP TABLE ESTADO CASCADE CONSTRAINTS;

CREATE TABLE ESTADO
(
  EST_ID      NUMBER(4)                         NOT NULL,
  PAI_ID      NUMBER(4),
  EST_NOMBRE  VARCHAR2(150 BYTE)                NOT NULL
);


ALTER TABLE FE_RECEPCION
 DROP PRIMARY KEY CASCADE;
DROP TABLE FE_RECEPCION CASCADE CONSTRAINTS;

CREATE TABLE FE_RECEPCION
(
  FE_REC_ID                NUMBER(11)           NOT NULL,
  US_CODIGO                VARCHAR2(20 BYTE),
  FE_REC_TIPO              VARCHAR2(50 BYTE)    NOT NULL,
  FE_REC_IDIOMA            CHAR(1 BYTE)         NOT NULL,
  FE_REC_FECHA             DATE                 NOT NULL,
  FE_REC_RESPONSABLE       VARCHAR2(70 BYTE),
  FE_REC_DESCRIPCION       VARCHAR2(200 BYTE),
  FE_REC_COMPANIA          VARCHAR2(150 BYTE)   NOT NULL,
  FE_REC_OFERENTE          VARCHAR2(75 BYTE)    NOT NULL,
  FE_REC_OFERTA_NOMBRE     VARCHAR2(4000 BYTE)  NOT NULL,
  FE_REC_OFERTA_CODIGO     VARCHAR2(100 BYTE),
  FE_REC_FECHA_HORA        CHAR(2 BYTE)         NOT NULL,
  FE_REC_FECHA_MINUTO      CHAR(2 BYTE)         NOT NULL,
  FE_REC_FECHA_ANIO        CHAR(4 BYTE),
  FE_REC_FECHA_MES         CHAR(2 BYTE),
  FE_REC_FECHA_DIA         CHAR(2 BYTE),
  FE_REC_SOBRE             VARCHAR2(200 BYTE)   NOT NULL,
  FE_REC_ESTADO            CHAR(1 BYTE)         NOT NULL,
  EMP_INT_ID               NUMBER               NOT NULL,
  FE_REC_CODIGO_PROCESADO  VARCHAR2(100 BYTE)
);


ALTER TABLE EMPLEADO
 DROP PRIMARY KEY CASCADE;
DROP TABLE EMPLEADO CASCADE CONSTRAINTS;

CREATE TABLE EMPLEADO
(
  EPL_ID        NUMBER,
  EMP_INT_ID    NUMBER(3),
  EPL_NOMBRE    VARCHAR2(35 BYTE)               NOT NULL,
  EPL_APELLIDO  VARCHAR2(35 BYTE)               NOT NULL,
  EPL_CARGO     VARCHAR2(100 BYTE)              NOT NULL
);


ALTER TABLE ROL
 DROP PRIMARY KEY CASCADE;
DROP TABLE ROL CASCADE CONSTRAINTS;

CREATE TABLE ROL
(
  ROL_ID           NUMBER(3)                    NOT NULL,
  ROL_DESCRIPCION  VARCHAR2(50 BYTE)            NOT NULL,
  ROL_ESTADO       VARCHAR2(10 BYTE)
);


ALTER TABLE ROL_APLICACION
 DROP PRIMARY KEY CASCADE;
DROP TABLE ROL_APLICACION CASCADE CONSTRAINTS;

CREATE TABLE ROL_APLICACION
(
  ROL_ID  NUMBER(3)                             NOT NULL,
  APL_ID  NUMBER(3)                             NOT NULL
);


ALTER TABLE ROL_USUARIO
 DROP PRIMARY KEY CASCADE;
DROP TABLE ROL_USUARIO CASCADE CONSTRAINTS;

CREATE TABLE ROL_USUARIO
(
  ROL_ID     NUMBER(3)                          NOT NULL,
  US_CODIGO  VARCHAR2(20 BYTE)                  NOT NULL
);


ALTER TABLE TIPO_CARTA
 DROP PRIMARY KEY CASCADE;
DROP TABLE TIPO_CARTA CASCADE CONSTRAINTS;

CREATE TABLE TIPO_CARTA
(
  TIP_CAR_ID           NUMBER(2)                NOT NULL,
  TIP_CAR_DESCRIPCION  VARCHAR2(60 BYTE)        NOT NULL
);


ALTER TABLE TIPO_CONTACTO
 DROP PRIMARY KEY CASCADE;
DROP TABLE TIPO_CONTACTO CASCADE CONSTRAINTS;

CREATE TABLE TIPO_CONTACTO
(
  TIP_CON_ID           NUMBER(3)                NOT NULL,
  TIP_CON_DESCRIPCION  VARCHAR2(50 BYTE)        NOT NULL
);


ALTER TABLE CIUDAD
 DROP PRIMARY KEY CASCADE;
DROP TABLE CIUDAD CASCADE CONSTRAINTS;

CREATE TABLE CIUDAD
(
  CIU_ID               NUMBER(11)               NOT NULL,
  EST_ID               NUMBER(4),
  CIU_NOMBRE           VARCHAR2(150 BYTE)       NOT NULL,
  CIU_CODIGO_TELEFONO  VARCHAR2(5 BYTE)         NOT NULL
);


ALTER TABLE EMPRESA
 DROP PRIMARY KEY CASCADE;
DROP TABLE EMPRESA CASCADE CONSTRAINTS;

CREATE TABLE EMPRESA
(
  EMP_ID                   NUMBER(11)           NOT NULL,
  CAT_EMP_ID               NUMBER(4),
  CIU_ID                   NUMBER(11),
  EMP_EMP_ID               NUMBER(11),
  EMP_NOMBRE               VARCHAR2(100 BYTE)   NOT NULL,
  EMP_DIRECCION            VARCHAR2(150 BYTE)   NOT NULL,
  EMP_REFERENCIA           VARCHAR2(75 BYTE),
  EMP_SECTOR               VARCHAR2(50 BYTE),
  EMP_EMAIL                VARCHAR2(150 BYTE),
  EMP_PAGINA_WEB           VARCHAR2(70 BYTE),
  EMP_FECHA_ACTUALIZACION  DATE                 NOT NULL,
  EMP_USUARIO              VARCHAR2(20 BYTE)    NOT NULL,
  EMP_DOCUMENTO            VARCHAR2(25 BYTE),
  EMP_ESTADO               CHAR(1 BYTE)
);


ALTER TABLE TIPO_PERSONA
 DROP PRIMARY KEY CASCADE;
DROP TABLE TIPO_PERSONA CASCADE CONSTRAINTS;

CREATE TABLE TIPO_PERSONA
(
  TIP_PER_ID              NUMBER(3)             NOT NULL,
  TIP_PER_DESCRIPCION_ES  VARCHAR2(30 BYTE)     NOT NULL,
  TIP_PER_DESCRIPCION_EN  VARCHAR2(30 BYTE)     NOT NULL
);


ALTER TABLE TIPO_TELEFONO
 DROP PRIMARY KEY CASCADE;
DROP TABLE TIPO_TELEFONO CASCADE CONSTRAINTS;

CREATE TABLE TIPO_TELEFONO
(
  TIP_TEL_ID           NUMBER(3)                NOT NULL,
  TIP_TEL_DESCRIPCION  VARCHAR2(60 BYTE)        NOT NULL
);


DROP TABLE "USER" CASCADE CONSTRAINTS;

CREATE TABLE "USER"
(
  USER_ID       NUMBER(11),
  USERNAME      VARCHAR2(255 BYTE),
  EMAIL         VARCHAR2(255 BYTE),
  DISPLAY_NAME  VARCHAR2(50 BYTE),
  PASSWORD      VARCHAR2(128 BYTE),
  STATE         INTEGER
);


ALTER TABLE CARTA
 DROP PRIMARY KEY CASCADE;
DROP TABLE CARTA CASCADE CONSTRAINTS;

CREATE TABLE CARTA
(
  CTR_ID                   NUMBER(11)           NOT NULL,
  PRO_ID                   NUMBER(11),
  EMP_INT_ID               NUMBER(3),
  US_CODIGO                VARCHAR2(20 BYTE),
  TIP_CAR_ID               NUMBER(2),
  CTR_IDIOMA               CHAR(1 BYTE)         NOT NULL,
  CTR_FECHA_CREACION       DATE                 NOT NULL,
  CTR_CODIGO_FINAL         VARCHAR2(50 BYTE),
  CTR_FECHA_ACTUALIZACION  DATE                 NOT NULL,
  CTR_REFERENCIA           VARCHAR2(300 BYTE),
  CTR_SALUDO               VARCHAR2(100 BYTE)   NOT NULL,
  CTR_DESPEDIDA            VARCHAR2(100 BYTE)   NOT NULL,
  CTR_TIPO                 CHAR(1 BYTE)         NOT NULL,
  CTR_ESTADO               CHAR(1 BYTE)         NOT NULL,
  CTR_ACTIVAR_DIRECCION    CHAR(1 BYTE),
  CTR_DIRECCION_EMPRESA    NUMBER,
  CTR_COPIA                VARCHAR2(300 BYTE),
  CTR_ANEXOS               VARCHAR2(4000 BYTE),
  CTR_CUERPO               CLOB                 NOT NULL,
  CTR_PRIVADA              CHAR(1 BYTE)
);


ALTER TABLE CARTA_FIRMA
 DROP PRIMARY KEY CASCADE;
DROP TABLE CARTA_FIRMA CASCADE CONSTRAINTS;

CREATE TABLE CARTA_FIRMA
(
  CAR_FIR_ID      NUMBER(11)                    NOT NULL,
  CTR_ID          NUMBER(11)                    NOT NULL,
  CAR_FIR_TIPO    CHAR(1 BYTE),
  CAR_FIR_NOMBRE  VARCHAR2(100 BYTE)            NOT NULL,
  CAR_FIR_CARGO   VARCHAR2(100 BYTE)            NOT NULL
);


ALTER TABLE DESPEDIDA
 DROP PRIMARY KEY CASCADE;
DROP TABLE DESPEDIDA CASCADE CONSTRAINTS;

CREATE TABLE DESPEDIDA
(
  DES_ID           NUMBER(4)                    NOT NULL,
  CTR_ID           NUMBER(11),
  DES_DESCRIPCION  VARCHAR2(100 BYTE)           NOT NULL
);


ALTER TABLE CONTACTO
 DROP PRIMARY KEY CASCADE;
DROP TABLE CONTACTO CASCADE CONSTRAINTS;

CREATE TABLE CONTACTO
(
  CON_ID                         NUMBER(11)     NOT NULL,
  CIU_ID                         NUMBER(11)     NOT NULL,
  CON_NOMBRE                     VARCHAR2(35 BYTE) NOT NULL,
  CON_APELLIDO                   VARCHAR2(35 BYTE) NOT NULL,
  CON_EMAIL                      VARCHAR2(150 BYTE) NOT NULL,
  CON_USUARIO                    VARCHAR2(20 BYTE) NOT NULL,
  CON_FECHA_ACTUALIZACION        DATE           NOT NULL,
  CON_PRIVADO                    CHAR(1 BYTE),
  CON_FECHA_NACIMIENTO_PERSONAL  DATE,
  CON_DIRECCION_DOMICILIO_PER    VARCHAR2(150 BYTE),
  CON_EMAIL_PERSONAL             VARCHAR2(150 BYTE),
  CON_CODIGO_PAIS                VARCHAR2(5 BYTE),
  CON_CODIGO_CIUDAD              VARCHAR2(5 BYTE),
  CON_TELEFONO_DOMICILIO_PER     VARCHAR2(15 BYTE),
  CON_CELULAR_PERSONAL           VARCHAR2(15 BYTE),
  CON_OBSERVACIONES              VARCHAR2(4000 BYTE),
  EMP_ID                         NUMBER(11),
  CON_DESCRIPCION_ES             VARCHAR2(30 BYTE) NOT NULL,
  CON_DESCRIPCION_EN             VARCHAR2(30 BYTE),
  CON_TIP_PER_ES                 VARCHAR2(30 BYTE) NOT NULL,
  CON_TIP_PER_EN                 VARCHAR2(30 BYTE),
  CON_DIRECCION                  VARCHAR2(150 BYTE),
  CON_SECRETARIA                 VARCHAR2(70 BYTE),
  CON_SECRETARIA_TELEFONO        VARCHAR2(15 BYTE),
  CON_ESTADO                     CHAR(1 BYTE)   NOT NULL,
  CON_OBSERVACIONES_PRIVADO      VARCHAR2(4000 BYTE),
  CON_ACTIVAR_DIRECCION          CHAR(1 BYTE),
  CON_DIRECCION_EMPRESA          CHAR(1 BYTE),
  CON_PRIVADO_GENERAL            CHAR(1 BYTE)
);


ALTER TABLE CARTA_DESTINATARIO
 DROP PRIMARY KEY CASCADE;
DROP TABLE CARTA_DESTINATARIO CASCADE CONSTRAINTS;

CREATE TABLE CARTA_DESTINATARIO
(
  CTR_ID             NUMBER(11)                 NOT NULL,
  CON_ID             NUMBER(11)                 NOT NULL,
  CAR_DES_PRINCIPAL  CHAR(1 BYTE)               NOT NULL
);


ALTER TABLE DETALLE_CONTACTO
 DROP PRIMARY KEY CASCADE;
DROP TABLE DETALLE_CONTACTO CASCADE CONSTRAINTS;

CREATE TABLE DETALLE_CONTACTO
(
  DET_CON_ID             NUMBER(11)             NOT NULL,
  EMP_ID                 NUMBER(11),
  CON_ID                 NUMBER(11),
  TIP_TEL_ID             NUMBER(3),
  DET_CON_CODIGO_PAIS    VARCHAR2(5 BYTE),
  DET_CON_CODIGO_CIUDAD  VARCHAR2(5 BYTE),
  DET_CON_VALOR          VARCHAR2(50 BYTE)      NOT NULL,
  DET_CON_EXTENSION      VARCHAR2(10 BYTE)
);


ALTER TABLE TRANSFERENCIA_SUELDO
 DROP PRIMARY KEY CASCADE;
DROP TABLE TRANSFERENCIA_SUELDO CASCADE CONSTRAINTS;

CREATE TABLE TRANSFERENCIA_SUELDO
(
  TRA_SUE_ID               NUMBER(11)           NOT NULL,
  CTR_ID                   NUMBER(11),
  TRA_SUE_VALOR_DEBITO     NUMBER(12,2)         NOT NULL,
  TRA_SUE_NUMERO_CREDITOS  INTEGER              NOT NULL,
  TRA_SUE_VALOR_MAXIMO     NUMBER(12,2)         NOT NULL
);


ALTER TABLE TRANSACCION_BANCARIA
 DROP PRIMARY KEY CASCADE;
DROP TABLE TRANSACCION_BANCARIA CASCADE CONSTRAINTS;

CREATE TABLE TRANSACCION_BANCARIA
(
  TRA_BAN_ID               NUMBER(11)           NOT NULL,
  CTR_ID                   NUMBER(11),
  TRA_BAN_BENEFICIARIO     VARCHAR2(70 BYTE)    NOT NULL,
  TRA_BAN_DIRECCION        VARCHAR2(150 BYTE)   NOT NULL,
  TRA_BAN_CUENTA           VARCHAR2(25 BYTE)    NOT NULL,
  TRA_BAN_VALOR            NUMBER(12,2)         NOT NULL,
  TRA_BAN_ABA              VARCHAR2(100 BYTE)   NOT NULL,
  TRA_BAN_BANCO            VARCHAR2(100 BYTE)   NOT NULL,
  TRA_BAN_BANCO_LINEA_DOS  VARCHAR2(100 BYTE),
  TRA_BAN_BANCO_DIRECCION  VARCHAR2(150 BYTE)   NOT NULL,
  TRA_BAN_CC               VARCHAR2(75 BYTE),
  TRA_BAN_DETALLE          CHAR(1 BYTE),
  TRA_BAN_COD_SERIE        VARCHAR2(50 BYTE)
);


ALTER TABLE SALUDO
 DROP PRIMARY KEY CASCADE;
DROP TABLE SALUDO CASCADE CONSTRAINTS;

CREATE TABLE SALUDO
(
  SAL_ID           NUMBER(4)                    NOT NULL,
  CTR_ID           NUMBER(11),
  SAL_DESCRIPCION  VARCHAR2(100 BYTE)           NOT NULL
);


ALTER TABLE CONTACTO_RELACIONADO
 DROP PRIMARY KEY CASCADE;
DROP TABLE CONTACTO_RELACIONADO CASCADE CONSTRAINTS;

CREATE TABLE CONTACTO_RELACIONADO
(
  CON_REL_ID     NUMBER(11)                     NOT NULL,
  TIP_CON_ID     NUMBER(3),
  CON_ID         NUMBER(11),
  CON_REL_VALOR  VARCHAR2(75 BYTE)              NOT NULL
);


DROP TABLE VW_PROYECTOS CASCADE CONSTRAINTS;

CREATE TABLE VW_PROYECTOS
(
  P_CODIGO  VARCHAR2(5 BYTE)                    NOT NULL,
  P_NOMBRE  VARCHAR2(500 BYTE)                  NOT NULL
);


DROP TABLE VW_USUARIO CASCADE CONSTRAINTS;

CREATE TABLE VW_USUARIO
(
  US_CODIGO  VARCHAR2(200 BYTE)                 NOT NULL,
  US_CLAVE   VARCHAR2(200 BYTE)                 NOT NULL,
  US_NOMBRE  VARCHAR2(200 BYTE)                 NOT NULL
);


DROP TABLE QUEST_SL_TEMP_EXPLAIN1 CASCADE CONSTRAINTS;

CREATE GLOBAL TEMPORARY TABLE QUEST_SL_TEMP_EXPLAIN1
(
  STATEMENT_ID       VARCHAR2(30 BYTE),
  PLAN_ID            NUMBER,
  TIMESTAMP          DATE,
  REMARKS            VARCHAR2(80 BYTE),
  OPERATION          VARCHAR2(30 BYTE),
  OPTIONS            VARCHAR2(255 BYTE),
  OBJECT_NODE        VARCHAR2(128 BYTE),
  OBJECT_OWNER       VARCHAR2(30 BYTE),
  OBJECT_NAME        VARCHAR2(30 BYTE),
  OBJECT_ALIAS       VARCHAR2(65 BYTE),
  OBJECT_INSTANCE    NUMBER,
  OBJECT_TYPE        VARCHAR2(30 BYTE),
  OPTIMIZER          VARCHAR2(255 BYTE),
  SEARCH_COLUMNS     NUMBER,
  ID                 NUMBER,
  PARENT_ID          NUMBER,
  DEPTH              NUMBER,
  POSITION           NUMBER,
  COST               NUMBER,
  CARDINALITY        NUMBER,
  BYTES              NUMBER,
  OTHER_TAG          VARCHAR2(255 BYTE),
  PARTITION_START    VARCHAR2(255 BYTE),
  PARTITION_STOP     VARCHAR2(255 BYTE),
  PARTITION_ID       NUMBER,
  OTHER              LONG,
  DISTRIBUTION       VARCHAR2(30 BYTE),
  CPU_COST           NUMBER(38),
  IO_COST            NUMBER(38),
  TEMP_SPACE         NUMBER(38),
  ACCESS_PREDICATES  VARCHAR2(4000 BYTE),
  FILTER_PREDICATES  VARCHAR2(4000 BYTE)
)
ON COMMIT PRESERVE ROWS;


CREATE UNIQUE INDEX PK_TRANSFERENCIA_SUELDO ON TRANSFERENCIA_SUELDO
(TRA_SUE_ID);


CREATE INDEX TRA_SUE_CTR_ID_FK ON TRANSFERENCIA_SUELDO
(CTR_ID);


CREATE UNIQUE INDEX PK_TRANSACCION_BANCARIA ON TRANSACCION_BANCARIA
(TRA_BAN_ID);


CREATE INDEX RELATIONSHIP_30_FK ON TRANSACCION_BANCARIA
(CTR_ID);


CREATE UNIQUE INDEX PK_TIPO_TELEFONO ON TIPO_TELEFONO
(TIP_TEL_ID);


CREATE UNIQUE INDEX PK_TIPO_PERSONA ON TIPO_PERSONA
(TIP_PER_ID);


CREATE UNIQUE INDEX PK_TIPO_CONTACTO ON TIPO_CONTACTO
(TIP_CON_ID);


CREATE UNIQUE INDEX PK_TIPO_CARTA ON TIPO_CARTA
(TIP_CAR_ID);


CREATE UNIQUE INDEX PK_SALUDO ON SALUDO
(SAL_ID);


CREATE INDEX SAL_CAR_ID_FK ON SALUDO
(CTR_ID);


CREATE UNIQUE INDEX PK_ROL_USUARIO ON ROL_USUARIO
(ROL_ID, US_CODIGO);


CREATE INDEX ROL_USU_ROL_ID_FK ON ROL_USUARIO
(ROL_ID);


CREATE INDEX ROL_USU_US_CODIGO_FK ON ROL_USUARIO
(US_CODIGO);


CREATE UNIQUE INDEX PK_ROL_APLICACION ON ROL_APLICACION
(ROL_ID, APL_ID);


CREATE INDEX ROL_APL_ROL_ID_FK ON ROL_APLICACION
(ROL_ID);


CREATE INDEX ROL_APL_APL_ID_FK ON ROL_APLICACION
(APL_ID);


CREATE UNIQUE INDEX PK_ROL ON ROL
(ROL_ID);


CREATE UNIQUE INDEX PK_PAIS ON PAIS
(PAI_ID);


CREATE UNIQUE INDEX PK_FE_RECEPCION ON FE_RECEPCION
(FE_REC_ID);


CREATE INDEX FE_REC_VIS_US_CODIGO_FK ON FE_RECEPCION
(US_CODIGO);


CREATE INDEX EST_PAI_ID_FK ON ESTADO
(PAI_ID);


CREATE UNIQUE INDEX PK_ESTADO ON ESTADO
(EST_ID);


CREATE UNIQUE INDEX PK_EMPRESA_INTERNA ON EMPRESA_INTERNA
(EMP_INT_ID);


CREATE INDEX EMP_CIU_ID_FK ON EMPRESA
(CIU_ID);


CREATE UNIQUE INDEX PK_EMPRESA ON EMPRESA
(EMP_ID);


CREATE INDEX EMP_CAT_EMP_ID_FK ON EMPRESA
(CAT_EMP_ID);


CREATE INDEX RELATIONSHIP_32_FK ON EMPRESA
(EMP_EMP_ID);


CREATE UNIQUE INDEX PK_EMPLEADO ON EMPLEADO
(EPL_ID);


CREATE INDEX EMP_EMP_INT_ID_FK ON EMPLEADO
(EMP_INT_ID);


CREATE UNIQUE INDEX PK_DETALLE_CONTACTO ON DETALLE_CONTACTO
(DET_CON_ID);


CREATE INDEX DET_CON_CON_ID_FK ON DETALLE_CONTACTO
(CON_ID);


CREATE INDEX DET_CON_EMP_ID_FK ON DETALLE_CONTACTO
(EMP_ID);


CREATE INDEX DET_CON_TIP_TEL_ID_FK ON DETALLE_CONTACTO
(TIP_TEL_ID);


CREATE UNIQUE INDEX PK_DESPEDIDA ON DESPEDIDA
(DES_ID);


CREATE INDEX DES_CAR_ID_FK ON DESPEDIDA
(CTR_ID);


CREATE UNIQUE INDEX PK_CONTACTO_RELACIONADO ON CONTACTO_RELACIONADO
(CON_REL_ID);


CREATE INDEX CON_REL_TIP_CON_ID_FK ON CONTACTO_RELACIONADO
(TIP_CON_ID);


CREATE INDEX CON_REL_CON_ID_FK ON CONTACTO_RELACIONADO
(CON_ID);


CREATE UNIQUE INDEX PK_CONTACTO ON CONTACTO
(CON_ID);


CREATE INDEX CON_CIU_ID_FK ON CONTACTO
(CIU_ID);


CREATE INDEX RELATIONSHIP_33_FK ON CONTACTO
(EMP_ID);


CREATE UNIQUE INDEX PK_CIUDAD ON CIUDAD
(CIU_ID);


CREATE INDEX CIU_EST_ID_FK ON CIUDAD
(EST_ID);


CREATE UNIQUE INDEX PK_CATEGORIA_EMPRESA ON CATEGORIA_EMPRESA
(CAT_EMP_ID);


CREATE UNIQUE INDEX PK_CARTA_FIRMA ON CARTA_FIRMA
(CAR_FIR_ID);


CREATE INDEX CAR_FIR_CAR_ID_FK ON CARTA_FIRMA
(CTR_ID);


CREATE UNIQUE INDEX PK_CARTA_DESTINATARIO ON CARTA_DESTINATARIO
(CTR_ID, CON_ID);


CREATE INDEX CAR_DES_CAR_ID_FK ON CARTA_DESTINATARIO
(CTR_ID);


CREATE INDEX CAR_DES_CON_ID_FK ON CARTA_DESTINATARIO
(CON_ID);


CREATE INDEX CAR_OBR_ID_FK ON CARTA
(PRO_ID);


CREATE UNIQUE INDEX PK_CARTA ON CARTA
(CTR_ID);


CREATE INDEX CAR_US_CODIGO_FK ON CARTA
(US_CODIGO);


CREATE INDEX CAR_TIP_CAR_ID_FK ON CARTA
(TIP_CAR_ID);


CREATE INDEX CAR_EMP_INT_ID_FK ON CARTA
(EMP_INT_ID);


CREATE UNIQUE INDEX PK_CARGO ON CARGO
(CAR_ID);


CREATE UNIQUE INDEX PK_APLICACION ON APLICACION
(APL_ID);


ALTER TABLE APLICACION ADD (
  CONSTRAINT PK_APLICACION
 PRIMARY KEY
 (APL_ID));

ALTER TABLE CARGO ADD (
  CONSTRAINT PK_CARGO
 PRIMARY KEY
 (CAR_ID));

ALTER TABLE CATEGORIA_EMPRESA ADD (
  CONSTRAINT PK_CATEGORIA_EMPRESA
 PRIMARY KEY
 (CAT_EMP_ID));

ALTER TABLE EMPRESA_INTERNA ADD (
  CONSTRAINT PK_EMPRESA_INTERNA
 PRIMARY KEY
 (EMP_INT_ID));

ALTER TABLE PAIS ADD (
  CONSTRAINT PK_PAIS
 PRIMARY KEY
 (PAI_ID));

ALTER TABLE ESTADO ADD (
  CONSTRAINT PK_ESTADO
 PRIMARY KEY
 (EST_ID));

ALTER TABLE FE_RECEPCION ADD (
  CONSTRAINT PK_FE_RECEPCION
 PRIMARY KEY
 (FE_REC_ID));

ALTER TABLE EMPLEADO ADD (
  CONSTRAINT PK_EMPLEADO
 PRIMARY KEY
 (EPL_ID));

ALTER TABLE ROL ADD (
  CONSTRAINT PK_ROL
 PRIMARY KEY
 (ROL_ID));

ALTER TABLE ROL_APLICACION ADD (
  CONSTRAINT PK_ROL_APLICACION
 PRIMARY KEY
 (ROL_ID, APL_ID));

ALTER TABLE ROL_USUARIO ADD (
  CONSTRAINT PK_ROL_USUARIO
 PRIMARY KEY
 (ROL_ID, US_CODIGO));

ALTER TABLE TIPO_CARTA ADD (
  CONSTRAINT PK_TIPO_CARTA
 PRIMARY KEY
 (TIP_CAR_ID));

ALTER TABLE TIPO_CONTACTO ADD (
  CONSTRAINT PK_TIPO_CONTACTO
 PRIMARY KEY
 (TIP_CON_ID));

ALTER TABLE CIUDAD ADD (
  CONSTRAINT PK_CIUDAD
 PRIMARY KEY
 (CIU_ID));

ALTER TABLE EMPRESA ADD (
  CONSTRAINT PK_EMPRESA
 PRIMARY KEY
 (EMP_ID));

ALTER TABLE TIPO_PERSONA ADD (
  CONSTRAINT PK_TIPO_PERSONA
 PRIMARY KEY
 (TIP_PER_ID));

ALTER TABLE TIPO_TELEFONO ADD (
  CONSTRAINT PK_TIPO_TELEFONO
 PRIMARY KEY
 (TIP_TEL_ID));

ALTER TABLE CARTA ADD (
  CONSTRAINT PK_CARTA
 PRIMARY KEY
 (CTR_ID));

ALTER TABLE CARTA_FIRMA ADD (
  CONSTRAINT PK_CARTA_FIRMA
 PRIMARY KEY
 (CAR_FIR_ID));

ALTER TABLE DESPEDIDA ADD (
  CONSTRAINT PK_DESPEDIDA
 PRIMARY KEY
 (DES_ID));

ALTER TABLE CONTACTO ADD (
  CONSTRAINT PK_CONTACTO
 PRIMARY KEY
 (CON_ID));

ALTER TABLE CARTA_DESTINATARIO ADD (
  CONSTRAINT PK_CARTA_DESTINATARIO
 PRIMARY KEY
 (CTR_ID, CON_ID));

ALTER TABLE DETALLE_CONTACTO ADD (
  CONSTRAINT PK_DETALLE_CONTACTO
 PRIMARY KEY
 (DET_CON_ID));

ALTER TABLE TRANSFERENCIA_SUELDO ADD (
  CONSTRAINT PK_TRANSFERENCIA_SUELDO
 PRIMARY KEY
 (TRA_SUE_ID));

ALTER TABLE TRANSACCION_BANCARIA ADD (
  CONSTRAINT PK_TRANSACCION_BANCARIA
 PRIMARY KEY
 (TRA_BAN_ID));

ALTER TABLE SALUDO ADD (
  CONSTRAINT PK_SALUDO
 PRIMARY KEY
 (SAL_ID));

ALTER TABLE CONTACTO_RELACIONADO ADD (
  CONSTRAINT PK_CONTACTO_RELACIONADO
 PRIMARY KEY
 (CON_REL_ID));

ALTER TABLE ESTADO ADD (
  CONSTRAINT FK_ESTADO_EST_PAI_I_PAIS 
 FOREIGN KEY (PAI_ID) 
 REFERENCES PAIS (PAI_ID));

ALTER TABLE EMPLEADO ADD (
  CONSTRAINT FK_EMPLEADO_EMP_EMP_I_EMPRESA_ 
 FOREIGN KEY (EMP_INT_ID) 
 REFERENCES EMPRESA_INTERNA (EMP_INT_ID));

ALTER TABLE ROL_APLICACION ADD (
  CONSTRAINT FK_ROL_APLI_ROL_APL_A_APLICACI 
 FOREIGN KEY (APL_ID) 
 REFERENCES APLICACION (APL_ID),
  CONSTRAINT FK_ROL_APLI_ROL_APL_R_ROL 
 FOREIGN KEY (ROL_ID) 
 REFERENCES ROL (ROL_ID));

ALTER TABLE ROL_USUARIO ADD (
  CONSTRAINT FK_ROL_USUA_ROL_USU_R_ROL 
 FOREIGN KEY (ROL_ID) 
 REFERENCES ROL (ROL_ID));

ALTER TABLE CIUDAD ADD (
  CONSTRAINT FK_CIUDAD_CIU_EST_I_ESTADO 
 FOREIGN KEY (EST_ID) 
 REFERENCES ESTADO (EST_ID));

ALTER TABLE EMPRESA ADD (
  CONSTRAINT FK_EMPRESA_EMP_CIU_I_CIUDAD 
 FOREIGN KEY (CIU_ID) 
 REFERENCES CIUDAD (CIU_ID),
  CONSTRAINT FK_EMPRESA_RELATIONS_EMPRESA 
 FOREIGN KEY (EMP_EMP_ID) 
 REFERENCES EMPRESA (EMP_ID));

ALTER TABLE CARTA ADD (
  CONSTRAINT FK_CARTA_CAR_EMP_I_EMPRESA_ 
 FOREIGN KEY (EMP_INT_ID) 
 REFERENCES EMPRESA_INTERNA (EMP_INT_ID),
  CONSTRAINT FK_CARTA_CAR_TIP_C_TIPO_CAR 
 FOREIGN KEY (TIP_CAR_ID) 
 REFERENCES TIPO_CARTA (TIP_CAR_ID));

ALTER TABLE CARTA_FIRMA ADD (
  CONSTRAINT FK_CARTA_FI_CAR_FIR_C_CARTA 
 FOREIGN KEY (CTR_ID) 
 REFERENCES CARTA (CTR_ID));

ALTER TABLE DESPEDIDA ADD (
  CONSTRAINT FK_DESPEDID_DES_CAR_I_CARTA 
 FOREIGN KEY (CTR_ID) 
 REFERENCES CARTA (CTR_ID));

ALTER TABLE CONTACTO ADD (
  CONSTRAINT FK_CONTACTO_CON_CIU_I_CIUDAD 
 FOREIGN KEY (CIU_ID) 
 REFERENCES CIUDAD (CIU_ID),
  CONSTRAINT FK_CONTACTO_RELATIONS_EMPRESA 
 FOREIGN KEY (EMP_ID) 
 REFERENCES EMPRESA (EMP_ID));

ALTER TABLE CARTA_DESTINATARIO ADD (
  CONSTRAINT FK_CARTA_DE_CAR_DES_C_CARTA 
 FOREIGN KEY (CTR_ID) 
 REFERENCES CARTA (CTR_ID),
  CONSTRAINT FK_CARTA_DE_CAR_DES_C_CONTACTO 
 FOREIGN KEY (CON_ID) 
 REFERENCES CONTACTO (CON_ID));

ALTER TABLE DETALLE_CONTACTO ADD (
  CONSTRAINT FK_DETALLE__DET_CON_C_CONTACTO 
 FOREIGN KEY (CON_ID) 
 REFERENCES CONTACTO (CON_ID),
  CONSTRAINT FK_DETALLE__DET_CON_E_EMPRESA 
 FOREIGN KEY (EMP_ID) 
 REFERENCES EMPRESA (EMP_ID),
  CONSTRAINT FK_DETALLE__DET_CON_T_TIPO_TEL 
 FOREIGN KEY (TIP_TEL_ID) 
 REFERENCES TIPO_TELEFONO (TIP_TEL_ID));

ALTER TABLE TRANSFERENCIA_SUELDO ADD (
  CONSTRAINT FK_TRANSFER_TRA_SUE_C_CARTA 
 FOREIGN KEY (CTR_ID) 
 REFERENCES CARTA (CTR_ID));

ALTER TABLE TRANSACCION_BANCARIA ADD (
  CONSTRAINT FK_TRANSACC_TRA_BAN_C_CARTA 
 FOREIGN KEY (CTR_ID) 
 REFERENCES CARTA (CTR_ID));

ALTER TABLE SALUDO ADD (
  CONSTRAINT FK_SALUDO_SAL_CAR_I_CARTA 
 FOREIGN KEY (CTR_ID) 
 REFERENCES CARTA (CTR_ID));

ALTER TABLE CONTACTO_RELACIONADO ADD (
  CONSTRAINT FK_CONTACTO_CON_REL_C_CONTACTO 
 FOREIGN KEY (CON_ID) 
 REFERENCES CONTACTO (CON_ID),
  CONSTRAINT FK_CONTACTO_CON_REL_T_TIPO_CON 
 FOREIGN KEY (TIP_CON_ID) 
 REFERENCES TIPO_CONTACTO (TIP_CON_ID));



ALTER TABLE CORRESPONDENCIA.ESTADO ADD (
  CONSTRAINT FK_ESTADO_EST_PAI_I_PAIS 
 FOREIGN KEY (PAI_ID) 
 REFERENCES CORRESPONDENCIA.PAIS (PAI_ID));

ALTER TABLE CORRESPONDENCIA.EMPLEADO ADD (
  CONSTRAINT FK_EMPLEADO_EMP_EMP_I_EMPRESA_ 
 FOREIGN KEY (EMP_INT_ID) 
 REFERENCES CORRESPONDENCIA.EMPRESA_INTERNA (EMP_INT_ID));

ALTER TABLE CORRESPONDENCIA.ROL_APLICACION ADD (
  CONSTRAINT FK_ROL_APLI_ROL_APL_A_APLICACI 
 FOREIGN KEY (APL_ID) 
 REFERENCES CORRESPONDENCIA.APLICACION (APL_ID),
  CONSTRAINT FK_ROL_APLI_ROL_APL_R_ROL 
 FOREIGN KEY (ROL_ID) 
 REFERENCES CORRESPONDENCIA.ROL (ROL_ID));

ALTER TABLE CORRESPONDENCIA.ROL_USUARIO ADD (
  CONSTRAINT FK_ROL_USUA_ROL_USU_R_ROL 
 FOREIGN KEY (ROL_ID) 
 REFERENCES CORRESPONDENCIA.ROL (ROL_ID));

ALTER TABLE CORRESPONDENCIA.CIUDAD ADD (
  CONSTRAINT FK_CIUDAD_CIU_EST_I_ESTADO 
 FOREIGN KEY (EST_ID) 
 REFERENCES CORRESPONDENCIA.ESTADO (EST_ID));

ALTER TABLE CORRESPONDENCIA.EMPRESA ADD (
  CONSTRAINT FK_EMPRESA_EMP_CIU_I_CIUDAD 
 FOREIGN KEY (CIU_ID) 
 REFERENCES CORRESPONDENCIA.CIUDAD (CIU_ID));

ALTER TABLE CORRESPONDENCIA.CARTA ADD (
  CONSTRAINT FK_CARTA_CAR_EMP_I_EMPRESA_ 
 FOREIGN KEY (EMP_INT_ID) 
 REFERENCES CORRESPONDENCIA.EMPRESA_INTERNA (EMP_INT_ID),
  CONSTRAINT FK_CARTA_CAR_TIP_C_TIPO_CAR 
 FOREIGN KEY (TIP_CAR_ID) 
 REFERENCES CORRESPONDENCIA.TIPO_CARTA (TIP_CAR_ID));

ALTER TABLE CORRESPONDENCIA.CARTA_FIRMA ADD (
  CONSTRAINT FK_CARTA_FI_CAR_FIR_C_CARTA 
 FOREIGN KEY (CTR_ID) 
 REFERENCES CORRESPONDENCIA.CARTA (CTR_ID));

ALTER TABLE CORRESPONDENCIA.DESPEDIDA ADD (
  CONSTRAINT FK_DESPEDID_DES_CAR_I_CARTA 
 FOREIGN KEY (CTR_ID) 
 REFERENCES CORRESPONDENCIA.CARTA (CTR_ID));

ALTER TABLE CORRESPONDENCIA.CONTACTO ADD (
  CONSTRAINT FK_CONTACTO_CON_CIU_I_CIUDAD 
 FOREIGN KEY (CIU_ID) 
 REFERENCES CORRESPONDENCIA.CIUDAD (CIU_ID),
  CONSTRAINT FK_CONTACTO_RELATIONS_EMPRESA 
 FOREIGN KEY (EMP_ID) 
 REFERENCES CORRESPONDENCIA.EMPRESA (EMP_ID));

ALTER TABLE CORRESPONDENCIA.CARTA_DESTINATARIO ADD (
  CONSTRAINT FK_CARTA_DE_CAR_DES_C_CARTA 
 FOREIGN KEY (CTR_ID) 
 REFERENCES CORRESPONDENCIA.CARTA (CTR_ID),
  CONSTRAINT FK_CARTA_DE_CAR_DES_C_CONTACTO 
 FOREIGN KEY (CON_ID) 
 REFERENCES CORRESPONDENCIA.CONTACTO (CON_ID));

ALTER TABLE CORRESPONDENCIA.DETALLE_CONTACTO ADD (
  CONSTRAINT FK_DETALLE__DET_CON_C_CONTACTO 
 FOREIGN KEY (CON_ID) 
 REFERENCES CORRESPONDENCIA.CONTACTO (CON_ID),
  CONSTRAINT FK_DETALLE__DET_CON_E_EMPRESA 
 FOREIGN KEY (EMP_ID) 
 REFERENCES CORRESPONDENCIA.EMPRESA (EMP_ID),
  CONSTRAINT FK_DETALLE__DET_CON_T_TIPO_TEL 
 FOREIGN KEY (TIP_TEL_ID) 
 REFERENCES CORRESPONDENCIA.TIPO_TELEFONO (TIP_TEL_ID));

ALTER TABLE CORRESPONDENCIA.TRANSFERENCIA_SUELDO ADD (
  CONSTRAINT FK_TRANSFER_TRA_SUE_C_CARTA 
 FOREIGN KEY (CTR_ID) 
 REFERENCES CORRESPONDENCIA.CARTA (CTR_ID));

ALTER TABLE CORRESPONDENCIA.TRANSACCION_BANCARIA ADD (
  CONSTRAINT FK_TRANSACC_TRA_BAN_C_CARTA 
 FOREIGN KEY (CTR_ID) 
 REFERENCES CORRESPONDENCIA.CARTA (CTR_ID));

ALTER TABLE CORRESPONDENCIA.SALUDO ADD (
  CONSTRAINT FK_SALUDO_SAL_CAR_I_CARTA 
 FOREIGN KEY (CTR_ID) 
 REFERENCES CORRESPONDENCIA.CARTA (CTR_ID));

ALTER TABLE CORRESPONDENCIA.CONTACTO_RELACIONADO ADD (
  CONSTRAINT FK_CONTACTO_CON_REL_C_CONTACTO 
 FOREIGN KEY (CON_ID) 
 REFERENCES CORRESPONDENCIA.CONTACTO (CON_ID),
  CONSTRAINT FK_CONTACTO_CON_REL_T_TIPO_CON 
 FOREIGN KEY (TIP_CON_ID) 
 REFERENCES CORRESPONDENCIA.TIPO_CONTACTO (TIP_CON_ID));



Insert into APLICACION
   (APL_ID, APL_DESCRIPCION)
 Values
   (14, 'parametros:option:transaccion_bancaria');
Insert into APLICACION
   (APL_ID, APL_DESCRIPCION)
 Values
   (15, 'parametros:option:transferencia_sueldo');
Insert into APLICACION
   (APL_ID, APL_DESCRIPCION)
 Values
   (1, 'parametros:index');
Insert into APLICACION
   (APL_ID, APL_DESCRIPCION)
 Values
   (2, 'application:login');
Insert into APLICACION
   (APL_ID, APL_DESCRIPCION)
 Values
   (3, 'empresas:empresas');
Insert into APLICACION
   (APL_ID, APL_DESCRIPCION)
 Values
   (4, 'application:index');
Insert into APLICACION
   (APL_ID, APL_DESCRIPCION)
 Values
   (5, 'application:error');
Insert into APLICACION
   (APL_ID, APL_DESCRIPCION)
 Values
   (6, 'contactos:index');
Insert into APLICACION
   (APL_ID, APL_DESCRIPCION)
 Values
   (7, 'cartas:cartas');
Insert into APLICACION
   (APL_ID, APL_DESCRIPCION)
 Values
   (8, 'parametros:pais');
Insert into APLICACION
   (APL_ID, APL_DESCRIPCION)
 Values
   (9, 'parametros:estado');
Insert into APLICACION
   (APL_ID, APL_DESCRIPCION)
 Values
   (10, 'parametros:ciudad');
Insert into APLICACION
   (APL_ID, APL_DESCRIPCION)
 Values
   (11, 'usuarios:usuarios');
Insert into APLICACION
   (APL_ID, APL_DESCRIPCION)
 Values
   (12, 'usuarios:roles');
Insert into APLICACION
   (APL_ID, APL_DESCRIPCION)
 Values
   (13, 'cartas:recepcion');
COMMIT;


Insert into CARTA
   (CTR_ID, PRO_ID, EMP_INT_ID, US_CODIGO, TIP_CAR_ID, 
    CTR_IDIOMA, CTR_FECHA_CREACION, CTR_CODIGO_FINAL, CTR_FECHA_ACTUALIZACION, CTR_REFERENCIA, 
    CTR_SALUDO, CTR_DESPEDIDA, CTR_TIPO, CTR_ESTADO, CTR_ACTIVAR_DIRECCION, 
    CTR_DIRECCION_EMPRESA, CTR_COPIA, CTR_ANEXOS, CTR_CUERPO, CTR_PRIVADA)
 Values
   (21, 1, 1, 'manucv', 1, 
    'E', TO_DATE('06/15/2014 00:00:00', 'MM/DD/YYYY HH24:MI:SS'), NULL, TO_DATE('06/15/2014 00:00:00', 'MM/DD/YYYY HH24:MI:SS'), ' 1 - PROYECTO 1', 
    'Estimado', 'Despedida', 'B', 'A', 'E', 
    1, 'Carbon Copy', 'Anexos', 'Cuerpo de la carta', 'S');
Insert into CARTA
   (CTR_ID, PRO_ID, EMP_INT_ID, US_CODIGO, TIP_CAR_ID, 
    CTR_IDIOMA, CTR_FECHA_CREACION, CTR_CODIGO_FINAL, CTR_FECHA_ACTUALIZACION, CTR_REFERENCIA, 
    CTR_SALUDO, CTR_DESPEDIDA, CTR_TIPO, CTR_ESTADO, CTR_ACTIVAR_DIRECCION, 
    CTR_DIRECCION_EMPRESA, CTR_COPIA, CTR_ANEXOS, CTR_CUERPO, CTR_PRIVADA)
 Values
   (2, 1, 1, 'manucv', 4, 
    'E', TO_DATE('06/11/2014 00:00:00', 'MM/DD/YYYY HH24:MI:SS'), 'AZ-ADM-2014-2', TO_DATE('06/11/2014 00:00:00', 'MM/DD/YYYY HH24:MI:SS'), ' 1 - PROYECTO 1', 
    'Estimado', 'Despedida', 'P', 'A', 'E', 
    1, 'Carbon Copy', 'Anexos', 'Cuerpo de la carta', 'S');
Insert into CARTA
   (CTR_ID, PRO_ID, EMP_INT_ID, US_CODIGO, TIP_CAR_ID, 
    CTR_IDIOMA, CTR_FECHA_CREACION, CTR_CODIGO_FINAL, CTR_FECHA_ACTUALIZACION, CTR_REFERENCIA, 
    CTR_SALUDO, CTR_DESPEDIDA, CTR_TIPO, CTR_ESTADO, CTR_ACTIVAR_DIRECCION, 
    CTR_DIRECCION_EMPRESA, CTR_COPIA, CTR_ANEXOS, CTR_CUERPO, CTR_PRIVADA)
 Values
   (7, 1, 1, 'dario', 4, 
    'E', TO_DATE('06/11/2014 00:00:00', 'MM/DD/YYYY HH24:MI:SS'), NULL, TO_DATE('06/11/2014 00:00:00', 'MM/DD/YYYY HH24:MI:SS'), ' 1 - PROYECTO 1', 
    'Estimado', 'Despedida', 'B', 'A', 'E', 
    1, 'Carbon Copy', 'Anexos', 'Cuerpo de la carta', 'S');
Insert into CARTA
   (CTR_ID, PRO_ID, EMP_INT_ID, US_CODIGO, TIP_CAR_ID, 
    CTR_IDIOMA, CTR_FECHA_CREACION, CTR_CODIGO_FINAL, CTR_FECHA_ACTUALIZACION, CTR_REFERENCIA, 
    CTR_SALUDO, CTR_DESPEDIDA, CTR_TIPO, CTR_ESTADO, CTR_ACTIVAR_DIRECCION, 
    CTR_DIRECCION_EMPRESA, CTR_COPIA, CTR_ANEXOS, CTR_CUERPO, CTR_PRIVADA)
 Values
   (9, 1, 1, 'dario', 4, 
    'E', TO_DATE('06/11/2014 00:00:00', 'MM/DD/YYYY HH24:MI:SS'), NULL, TO_DATE('06/11/2014 00:00:00', 'MM/DD/YYYY HH24:MI:SS'), ' 1 - PROYECTO 1', 
    'Estimado', 'Despedida', 'B', 'A', 'E', 
    1, 'Carbon Copy', 'Anexos', 'Cuerpo de la carta', 'S');
COMMIT;

Insert into CARTA_DESTINATARIO
   (CTR_ID, CON_ID, CAR_DES_PRINCIPAL)
 Values
   (2, 1, 'S');
Insert into CARTA_DESTINATARIO
   (CTR_ID, CON_ID, CAR_DES_PRINCIPAL)
 Values
   (7, 1, 'S');
Insert into CARTA_DESTINATARIO
   (CTR_ID, CON_ID, CAR_DES_PRINCIPAL)
 Values
   (9, 1, 'S');
Insert into CARTA_DESTINATARIO
   (CTR_ID, CON_ID, CAR_DES_PRINCIPAL)
 Values
   (21, 1, 'S');
COMMIT;

Insert into CARTA_FIRMA
   (CAR_FIR_ID, CTR_ID, CAR_FIR_TIPO, CAR_FIR_NOMBRE, CAR_FIR_CARGO)
 Values
   (1, 2, 'P', 'Firma 1', 'Cargo 1');
Insert into CARTA_FIRMA
   (CAR_FIR_ID, CTR_ID, CAR_FIR_TIPO, CAR_FIR_NOMBRE, CAR_FIR_CARGO)
 Values
   (2, 2, 'S', 'Firma 2', 'Cargo 2');
Insert into CARTA_FIRMA
   (CAR_FIR_ID, CTR_ID, CAR_FIR_TIPO, CAR_FIR_NOMBRE, CAR_FIR_CARGO)
 Values
   (47, 21, 'P', 'Firma 1', 'Cargo 1');
Insert into CARTA_FIRMA
   (CAR_FIR_ID, CTR_ID, CAR_FIR_TIPO, CAR_FIR_NOMBRE, CAR_FIR_CARGO)
 Values
   (17, 7, 'P', 'Firma 1', 'Cargo 1');
Insert into CARTA_FIRMA
   (CAR_FIR_ID, CTR_ID, CAR_FIR_TIPO, CAR_FIR_NOMBRE, CAR_FIR_CARGO)
 Values
   (18, 7, 'S', 'Firma 2', 'Cargo 2');
Insert into CARTA_FIRMA
   (CAR_FIR_ID, CTR_ID, CAR_FIR_TIPO, CAR_FIR_NOMBRE, CAR_FIR_CARGO)
 Values
   (21, 9, 'P', 'Firma 1', 'Cargo 1');
Insert into CARTA_FIRMA
   (CAR_FIR_ID, CTR_ID, CAR_FIR_TIPO, CAR_FIR_NOMBRE, CAR_FIR_CARGO)
 Values
   (22, 9, 'S', 'Firma 2', 'Cargo 2');
Insert into CARTA_FIRMA
   (CAR_FIR_ID, CTR_ID, CAR_FIR_TIPO, CAR_FIR_NOMBRE, CAR_FIR_CARGO)
 Values
   (48, 21, 'S', 'Firma 2', 'Cargo 2');
COMMIT;

Insert into CATEGORIA_EMPRESA
   (CAT_EMP_ID, CAT_EMP_DESCRIPCION)
 Values
   (1, 'Informatica');
COMMIT;

Insert into CIUDAD
   (CIU_ID, EST_ID, CIU_NOMBRE, CIU_CODIGO_TELEFONO)
 Values
   (1, 1, 'Quito', '02');
Insert into CIUDAD
   (CIU_ID, EST_ID, CIU_NOMBRE, CIU_CODIGO_TELEFONO)
 Values
   (21, 21, 'Santiago', '03');
COMMIT;

Insert into CONTACTO
   (CON_ID, CIU_ID, CON_NOMBRE, CON_APELLIDO, CON_EMAIL, 
    CON_USUARIO, CON_FECHA_ACTUALIZACION, CON_PRIVADO, CON_FECHA_NACIMIENTO_PERSONAL, CON_DIRECCION_DOMICILIO_PER, 
    CON_EMAIL_PERSONAL, CON_CODIGO_PAIS, CON_CODIGO_CIUDAD, CON_TELEFONO_DOMICILIO_PER, CON_CELULAR_PERSONAL, 
    CON_OBSERVACIONES, EMP_ID, CON_DESCRIPCION_ES, CON_DESCRIPCION_EN, CON_TIP_PER_ES, 
    CON_TIP_PER_EN, CON_DIRECCION, CON_SECRETARIA, CON_SECRETARIA_TELEFONO, CON_ESTADO, 
    CON_OBSERVACIONES_PRIVADO, CON_ACTIVAR_DIRECCION, CON_DIRECCION_EMPRESA, CON_PRIVADO_GENERAL)
 Values
   (1, 1, 'Emanuel', 'Carrasco', 'ercarrasco@hawasolutions.com', 
    'manucv', TO_DATE('06/15/2014 00:00:00', 'MM/DD/YYYY HH24:MI:SS'), 'S', NULL, NULL, 
    NULL, '593', '02', NULL, NULL, 
    NULL, 2, 'Gerente', 'Ceo', 'Sr.', 
    'Mr.', NULL, NULL, NULL, 'A', 
    NULL, 'C', NULL, 'S');
COMMIT;



Insert into DETALLE_CONTACTO
   (DET_CON_ID, EMP_ID, CON_ID, TIP_TEL_ID, DET_CON_CODIGO_PAIS, 
    DET_CON_CODIGO_CIUDAD, DET_CON_VALOR, DET_CON_EXTENSION)
 Values
   (27, NULL, 1, 1, '593', 
    '02', '2411753', '21');
Insert into DETALLE_CONTACTO
   (DET_CON_ID, EMP_ID, CON_ID, TIP_TEL_ID, DET_CON_CODIGO_PAIS, 
    DET_CON_CODIGO_CIUDAD, DET_CON_VALOR, DET_CON_EXTENSION)
 Values
   (28, NULL, 1, 1, '56', 
    '03', '222222', '20');
Insert into DETALLE_CONTACTO
   (DET_CON_ID, EMP_ID, CON_ID, TIP_TEL_ID, DET_CON_CODIGO_PAIS, 
    DET_CON_CODIGO_CIUDAD, DET_CON_VALOR, DET_CON_EXTENSION)
 Values
   (1, 1, NULL, 1, '56', 
    '03', '1111111', '01');
COMMIT;


Insert into EMPRESA
   (EMP_ID, CAT_EMP_ID, CIU_ID, EMP_EMP_ID, EMP_NOMBRE, 
    EMP_DIRECCION, EMP_REFERENCIA, EMP_SECTOR, EMP_EMAIL, EMP_PAGINA_WEB, 
    EMP_FECHA_ACTUALIZACION, EMP_USUARIO, EMP_DOCUMENTO, EMP_ESTADO)
 Values
   (1, 1, 1, NULL, 'Hawa Solutions', 
    'El Tiempo y el Comercio', NULL, 'Quicentro Norte', 'info@hawasolutions.com', 'http://www.hawasolutions.com', 
    TO_DATE('06/11/2014 00:00:00', 'MM/DD/YYYY HH24:MI:SS'), '1', '1792308100001', '1');
Insert into EMPRESA
   (EMP_ID, CAT_EMP_ID, CIU_ID, EMP_EMP_ID, EMP_NOMBRE, 
    EMP_DIRECCION, EMP_REFERENCIA, EMP_SECTOR, EMP_EMAIL, EMP_PAGINA_WEB, 
    EMP_FECHA_ACTUALIZACION, EMP_USUARIO, EMP_DOCUMENTO, EMP_ESTADO)
 Values
   (2, 1, 1, 1, 'Sucursal 1', 
    'Amazonas y el inca', NULL, NULL, NULL, NULL, 
    TO_DATE('06/11/2014 00:00:00', 'MM/DD/YYYY HH24:MI:SS'), '1', '1792308100001', '1');
COMMIT;

Insert into EMPRESA_INTERNA
   (EMP_INT_ID, EMP_INT_ABREVIACION, EMP_INT_NOMBRE, EMP_INT_DIRECCION, EMP_INT_CIUDAD, 
    EMP_INT_PAIS, EMP_INT_PBX)
 Values
   (1, 'AZ', 'AZULEC S.A.', 'Granados frente a la UDLA', 'QUITO', 
    'ECUADOR', '23546982');
COMMIT;

Insert into ESTADO
   (EST_ID, PAI_ID, EST_NOMBRE)
 Values
   (1, 2, 'Pichincha');
Insert into ESTADO
   (EST_ID, PAI_ID, EST_NOMBRE)
 Values
   (21, 1, 'Región Metropolitana');
COMMIT;

Insert into FE_RECEPCION
   (FE_REC_ID, US_CODIGO, FE_REC_TIPO, FE_REC_IDIOMA, FE_REC_FECHA, 
    FE_REC_RESPONSABLE, FE_REC_DESCRIPCION, FE_REC_COMPANIA, FE_REC_OFERENTE, FE_REC_OFERTA_NOMBRE, 
    FE_REC_OFERTA_CODIGO, FE_REC_FECHA_HORA, FE_REC_FECHA_MINUTO, FE_REC_FECHA_ANIO, FE_REC_FECHA_MES, 
    FE_REC_FECHA_DIA, FE_REC_SOBRE, FE_REC_ESTADO, EMP_INT_ID, FE_REC_CODIGO_PROCESADO)
 Values
   (2, 'manucv', 'Bid Submittal Form', 'I', TO_DATE('06/15/2014 00:00:00', 'MM/DD/YYYY HH24:MI:SS'), 
    NULL, NULL, 'empresa', ' AZULEC S.A.', 'nombre de la oferta', 
    'codigo', '18', '15', NULL, NULL, 
    NULL, 'sobre', 'B', 1, NULL);
COMMIT;

Insert into PAIS
   (PAI_ID, PAI_NOMBRE, PAI_CODIGO_TELEFONO)
 Values
   (1, 'Chile', '56');
Insert into PAIS
   (PAI_ID, PAI_NOMBRE, PAI_CODIGO_TELEFONO)
 Values
   (2, 'Ecuador', '593');
COMMIT;


Insert into ROL
   (ROL_ID, ROL_DESCRIPCION, ROL_ESTADO)
 Values
   (4, 'EJEMPLO', NULL);
Insert into ROL
   (ROL_ID, ROL_DESCRIPCION, ROL_ESTADO)
 Values
   (1, 'ADMINISTRACION', NULL);
Insert into ROL
   (ROL_ID, ROL_DESCRIPCION, ROL_ESTADO)
 Values
   (2, 'GERENCIAL', NULL);
Insert into ROL
   (ROL_ID, ROL_DESCRIPCION, ROL_ESTADO)
 Values
   (3, 'OPERACIONES', NULL);
COMMIT;

Insert into ROL_APLICACION
   (ROL_ID, APL_ID)
 Values
   (1, 1);
Insert into ROL_APLICACION
   (ROL_ID, APL_ID)
 Values
   (1, 2);
Insert into ROL_APLICACION
   (ROL_ID, APL_ID)
 Values
   (1, 3);
Insert into ROL_APLICACION
   (ROL_ID, APL_ID)
 Values
   (1, 4);
Insert into ROL_APLICACION
   (ROL_ID, APL_ID)
 Values
   (1, 5);
Insert into ROL_APLICACION
   (ROL_ID, APL_ID)
 Values
   (1, 6);
Insert into ROL_APLICACION
   (ROL_ID, APL_ID)
 Values
   (1, 7);
Insert into ROL_APLICACION
   (ROL_ID, APL_ID)
 Values
   (1, 8);
Insert into ROL_APLICACION
   (ROL_ID, APL_ID)
 Values
   (1, 9);
Insert into ROL_APLICACION
   (ROL_ID, APL_ID)
 Values
   (1, 10);
Insert into ROL_APLICACION
   (ROL_ID, APL_ID)
 Values
   (1, 11);
Insert into ROL_APLICACION
   (ROL_ID, APL_ID)
 Values
   (1, 12);
Insert into ROL_APLICACION
   (ROL_ID, APL_ID)
 Values
   (1, 13);
Insert into ROL_APLICACION
   (ROL_ID, APL_ID)
 Values
   (1, 14);
Insert into ROL_APLICACION
   (ROL_ID, APL_ID)
 Values
   (1, 15);
Insert into ROL_APLICACION
   (ROL_ID, APL_ID)
 Values
   (2, 2);
Insert into ROL_APLICACION
   (ROL_ID, APL_ID)
 Values
   (3, 1);
Insert into ROL_APLICACION
   (ROL_ID, APL_ID)
 Values
   (3, 2);
Insert into ROL_APLICACION
   (ROL_ID, APL_ID)
 Values
   (3, 3);
Insert into ROL_APLICACION
   (ROL_ID, APL_ID)
 Values
   (3, 4);
Insert into ROL_APLICACION
   (ROL_ID, APL_ID)
 Values
   (3, 5);
Insert into ROL_APLICACION
   (ROL_ID, APL_ID)
 Values
   (3, 6);
Insert into ROL_APLICACION
   (ROL_ID, APL_ID)
 Values
   (3, 7);
Insert into ROL_APLICACION
   (ROL_ID, APL_ID)
 Values
   (4, 1);
Insert into ROL_APLICACION
   (ROL_ID, APL_ID)
 Values
   (4, 2);
Insert into ROL_APLICACION
   (ROL_ID, APL_ID)
 Values
   (4, 3);
Insert into ROL_APLICACION
   (ROL_ID, APL_ID)
 Values
   (4, 4);
COMMIT;

Insert into ROL_USUARIO
   (ROL_ID, US_CODIGO)
 Values
   (1, 'JLRODRIGUEZ');
Insert into ROL_USUARIO
   (ROL_ID, US_CODIGO)
 Values
   (1, 'manucv');
Insert into ROL_USUARIO
   (ROL_ID, US_CODIGO)
 Values
   (4, 'DCOYAGO');
Insert into ROL_USUARIO
   (ROL_ID, US_CODIGO)
 Values
   (4, 'dario');
COMMIT;


Insert into TIPO_CARTA
   (TIP_CAR_ID, TIP_CAR_DESCRIPCION)
 Values
   (5, 'TRANSFERENCIA DE SUELDO');
Insert into TIPO_CARTA
   (TIP_CAR_ID, TIP_CAR_DESCRIPCION)
 Values
   (2, 'CARTA INFORMAL');
Insert into TIPO_CARTA
   (TIP_CAR_ID, TIP_CAR_DESCRIPCION)
 Values
   (3, 'CARTA FAX');
Insert into TIPO_CARTA
   (TIP_CAR_ID, TIP_CAR_DESCRIPCION)
 Values
   (4, 'TRANSACCION BANCARIA');
Insert into TIPO_CARTA
   (TIP_CAR_ID, TIP_CAR_DESCRIPCION)
 Values
   (1, 'CARTA FORMAL');
COMMIT;



Insert into TIPO_TELEFONO
   (TIP_TEL_ID, TIP_TEL_DESCRIPCION)
 Values
   (1, 'PBX');
COMMIT;

Insert into TRANSACCION_BANCARIA
   (TRA_BAN_ID, CTR_ID, TRA_BAN_BENEFICIARIO, TRA_BAN_DIRECCION, TRA_BAN_CUENTA, 
    TRA_BAN_VALOR, TRA_BAN_ABA, TRA_BAN_BANCO, TRA_BAN_BANCO_LINEA_DOS, TRA_BAN_BANCO_DIRECCION, 
    TRA_BAN_CC, TRA_BAN_DETALLE, TRA_BAN_COD_SERIE)
 Values
   (1, 2, 'beneficiario', 'direccion beneficiario', '1038228459', 
    1000, '100', 'pichincha', 'informacion adicional', 'inca y 6 de diciembre', 
    NULL, 'S', '796');
Insert into TRANSACCION_BANCARIA
   (TRA_BAN_ID, CTR_ID, TRA_BAN_BENEFICIARIO, TRA_BAN_DIRECCION, TRA_BAN_CUENTA, 
    TRA_BAN_VALOR, TRA_BAN_ABA, TRA_BAN_BANCO, TRA_BAN_BANCO_LINEA_DOS, TRA_BAN_BANCO_DIRECCION, 
    TRA_BAN_CC, TRA_BAN_DETALLE, TRA_BAN_COD_SERIE)
 Values
   (10, 9, 'beneficiario', 'direccion beneficiario', '1038228459', 
    1000, '100', 'pichincha', 'informacion adicional', 'inca y 6 de diciembre', 
    NULL, 'S', '796');
Insert into TRANSACCION_BANCARIA
   (TRA_BAN_ID, CTR_ID, TRA_BAN_BENEFICIARIO, TRA_BAN_DIRECCION, TRA_BAN_CUENTA, 
    TRA_BAN_VALOR, TRA_BAN_ABA, TRA_BAN_BANCO, TRA_BAN_BANCO_LINEA_DOS, TRA_BAN_BANCO_DIRECCION, 
    TRA_BAN_CC, TRA_BAN_DETALLE, TRA_BAN_COD_SERIE)
 Values
   (8, 7, 'beneficiario', 'direccion beneficiario', '1038228459', 
    1000, '100', 'pichincha', 'informacion adicional', 'inca y 6 de diciembre', 
    NULL, 'S', '796');
Insert into TRANSACCION_BANCARIA
   (TRA_BAN_ID, CTR_ID, TRA_BAN_BENEFICIARIO, TRA_BAN_DIRECCION, TRA_BAN_CUENTA, 
    TRA_BAN_VALOR, TRA_BAN_ABA, TRA_BAN_BANCO, TRA_BAN_BANCO_LINEA_DOS, TRA_BAN_BANCO_DIRECCION, 
    TRA_BAN_CC, TRA_BAN_DETALLE, TRA_BAN_COD_SERIE)
 Values
   (21, 21, 'beneficiario', 'direccion beneficiario', '1038228459', 
    1000, '100', 'pichincha', 'informacion adicional', 'inca y 6 de diciembre', 
    NULL, 'S', '796');
COMMIT;


Insert into "USER"
   (USER_ID, USERNAME, EMAIL, DISPLAY_NAME, PASSWORD, 
    STATE)
 Values
   (1, 'manucv', 'emanuelcarrasco@gmail.com', 'Emanuel Carrasco', 'manucv', 
    1);
COMMIT;

Insert into VW_PROYECTOS
   (P_CODIGO, P_NOMBRE)
 Values
   ('1', 'PROYECTO 1');
COMMIT;

Insert into VW_USUARIO
   (US_CODIGO, US_CLAVE, US_NOMBRE)
 Values
   ('manucv', 'f1e96a696a819d313134e23a2aae38f9', 'Emanuel Carrasco');
Insert into VW_USUARIO
   (US_CODIGO, US_CLAVE, US_NOMBRE)
 Values
   ('dario', '8a49317e060e23bb86f9225ca581e0a9', 'Dario Mera');
COMMIT;

